"monthly","name","frequency"
"2020-01","China",9
"2020-02","China",28
"2020-02","France",2
"2020-02","Iran",10
"2020-02","Italy",9
"2020-02","Japan",6
"2020-02","Philippines",1
"2020-02","San Marino",1
"2020-02","South Korea",8
"2020-02","Taiwan",1
"2020-02","United States",1
"2020-03","Afghanistan",3
"2020-03","Albania",9
"2020-03","Algeria",17
"2020-03","Andorra",5
"2020-03","Angola",1
"2020-03","Argentina",12
"2020-03","Armenia",2
"2020-03","Australia",12
"2020-03","Austria",15
"2020-03","Azerbaijan",5
"2020-03","Bahrain",4
"2020-03","Bangladesh",5
"2020-03","Belarus",1
"2020-03","Belgium",18
"2020-03","Bolivia",3
"2020-03","Bosnia & Herzegovina",7
"2020-03","Botswana",1
"2020-03","Brazil",15
"2020-03","Brunei",1
"2020-03","Bulgaria",5
"2020-03","Burkina Faso",8
"2020-03","Cameroon",3
"2020-03","Canada",20
"2020-03","Cape Verde",1
"2020-03","Chile",9
"2020-03","China",30
"2020-03","Colombia",7
"2020-03","Costa Rica",2
"2020-03","Croatia",4
"2020-03","Cuba",5
"2020-03","Cyprus",4
"2020-03","Czechia",8
"2020-03","Democratic Republic of the Congo",5
"2020-03","Denmark",16
"2020-03","Dominican Republic",10
"2020-03","Ecuador",14
"2020-03","Egypt",16
"2020-03","El Salvador",1
"2020-03","Estonia",3
"2020-03","Finland",17
"2020-03","France",25
"2020-03","Gabon",1
"2020-03","Gambia",1
"2020-03","Germany",18
"2020-03","Ghana",4
"2020-03","Greece",12
"2020-03","Guatemala",1
"2020-03","Guyana",2
"2020-03","Honduras",3
"2020-03","Hungary",11
"2020-03","Iceland",4
"2020-03","India",13
"2020-03","Indonesia",17
"2020-03","Iran",31
"2020-03","Iraq",21
"2020-03","Ireland",13
"2020-03","Israel",9
"2020-03","Italy",31
"2020-03","Ivory Coast",1
"2020-03","Jamaica",1
"2020-03","Japan",24
"2020-03","Jordan",3
"2020-03","Kazakhstan",2
"2020-03","Kenya",1
"2020-03","Lebanon",8
"2020-03","Lithuania",4
"2020-03","Luxembourg",10
"2020-03","Malaysia",13
"2020-03","Mali",2
"2020-03","Mauritania",1
"2020-03","Mauritius",2
"2020-03","Mexico",12
"2020-03","Moldova",3
"2020-03","Montenegro",2
"2020-03","Morocco",12
"2020-03","Myanmar (Burma)",1
"2020-03","Netherlands",23
"2020-03","New Zealand",1
"2020-03","Niger",2
"2020-03","Nigeria",2
"2020-03","North Macedonia",7
"2020-03","Norway",11
"2020-03","Oman",1
"2020-03","Pakistan",13
"2020-03","Palestinian Territories",1
"2020-03","Panama",9
"2020-03","Paraguay",3
"2020-03","Peru",19
"2020-03","Philippines",18
"2020-03","Poland",14
"2020-03","Portugal",15
"2020-03","Qatar",2
"2020-03","Romania",10
"2020-03","Russia",6
"2020-03","San Marino",10
"2020-03","Saudi Arabia",6
"2020-03","Serbia",7
"2020-03","Singapore",2
"2020-03","Slovakia",1
"2020-03","Slovenia",9
"2020-03","South Africa",4
"2020-03","South Korea",26
"2020-03","Spain",29
"2020-03","Sri Lanka",2
"2020-03","Sudan",2
"2020-03","Sweden",21
"2020-03","Switzerland",24
"2020-03","Taiwan",2
"2020-03","Thailand",7
"2020-03","Togo",1
"2020-03","Trinidad & Tobago",3
"2020-03","Tunisia",7
"2020-03","Turkey",14
"2020-03","Ukraine",8
"2020-03","United Arab Emirates",4
"2020-03","United Kingdom",24
"2020-03","United States",30
"2020-03","Uruguay",1
"2020-03","Uzbekistan",2
"2020-03","Venezuela",3
"2020-03","Zimbabwe",1
"2020-04","Afghanistan",18
"2020-04","Albania",13
"2020-04","Algeria",30
"2020-04","Andorra",19
"2020-04","Antigua & Barbuda",3
"2020-04","Argentina",30
"2020-04","Armenia",20
"2020-04","Australia",24
"2020-04","Austria",30
"2020-04","Azerbaijan",15
"2020-04","Bahamas",8
"2020-04","Bahrain",4
"2020-04","Bangladesh",28
"2020-04","Barbados",7
"2020-04","Belarus",27
"2020-04","Belgium",30
"2020-04","Belize",2
"2020-04","Benin",1
"2020-04","Bolivia",27
"2020-04","Bosnia & Herzegovina",28
"2020-04","Brazil",30
"2020-04","Bulgaria",26
"2020-04","Burkina Faso",16
"2020-04","Burundi",1
"2020-04","Cameroon",14
"2020-04","Canada",30
"2020-04","Chad",2
"2020-04","Chile",30
"2020-04","China",14
"2020-04","Colombia",30
"2020-04","Costa Rica",4
"2020-04","Croatia",26
"2020-04","Cuba",23
"2020-04","Cyprus",7
"2020-04","Czechia",29
"2020-04","Democratic Republic of the Congo",11
"2020-04","Denmark",30
"2020-04","Djibouti",2
"2020-04","Dominican Republic",29
"2020-04","Ecuador",27
"2020-04","Egypt",30
"2020-04","El Salvador",9
"2020-04","Equatorial Guinea",1
"2020-04","Estonia",22
"2020-04","Eswatini",1
"2020-04","Ethiopia",2
"2020-04","Finland",28
"2020-04","France",30
"2020-04","Gabon",2
"2020-04","Georgia",6
"2020-04","Germany",30
"2020-04","Ghana",7
"2020-04","Greece",24
"2020-04","Guatemala",9
"2020-04","Guinea",5
"2020-04","Guinea-Bissau",1
"2020-04","Guyana",6
"2020-04","Honduras",19
"2020-04","Hungary",29
"2020-04","Iceland",6
"2020-04","India",29
"2020-04","Indonesia",30
"2020-04","Iran",30
"2020-04","Iraq",22
"2020-04","Ireland",30
"2020-04","Israel",30
"2020-04","Italy",30
"2020-04","Ivory Coast",8
"2020-04","Jamaica",6
"2020-04","Japan",30
"2020-04","Jordan",3
"2020-04","Kazakhstan",11
"2020-04","Kenya",12
"2020-04","Kuwait",17
"2020-04","Kyrgyzstan",5
"2020-04","Latvia",9
"2020-04","Lebanon",9
"2020-04","Liberia",10
"2020-04","Libya",3
"2020-04","Lithuania",20
"2020-04","Luxembourg",23
"2020-04","Malawi",3
"2020-04","Malaysia",28
"2020-04","Maldives",1
"2020-04","Mali",13
"2020-04","Malta",4
"2020-04","Mauritius",4
"2020-04","Mexico",30
"2020-04","Moldova",29
"2020-04","Montenegro",5
"2020-04","Morocco",29
"2020-04","Myanmar (Burma)",4
"2020-04","Netherlands",30
"2020-04","New Zealand",11
"2020-04","Niger",15
"2020-04","Nigeria",20
"2020-04","North Macedonia",26
"2020-04","Norway",29
"2020-04","Oman",9
"2020-04","Pakistan",30
"2020-04","Palestinian Territories",1
"2020-04","Panama",28
"2020-04","Paraguay",6
"2020-04","Peru",30
"2020-04","Philippines",30
"2020-04","Poland",30
"2020-04","Portugal",30
"2020-04","Qatar",7
"2020-04","Republic of the Congo",5
"2020-04","Romania",30
"2020-04","Russia",30
"2020-04","San Marino",10
"2020-04","Saudi Arabia",29
"2020-04","Senegal",7
"2020-04","Serbia",30
"2020-04","Sierra Leone",4
"2020-04","Singapore",11
"2020-04","Slovakia",15
"2020-04","Slovenia",26
"2020-04","Somalia",11
"2020-04","South Africa",22
"2020-04","South Korea",29
"2020-04","Spain",30
"2020-04","Sri Lanka",5
"2020-04","Sudan",13
"2020-04","Sweden",29
"2020-04","Switzerland",30
"2020-04","Taiwan",1
"2020-04","Thailand",23
"2020-04","Togo",6
"2020-04","Trinidad & Tobago",4
"2020-04","Tunisia",16
"2020-04","Turkey",30
"2020-04","Ukraine",29
"2020-04","United Arab Emirates",26
"2020-04","United Kingdom",30
"2020-04","United States",30
"2020-04","Uruguay",12
"2020-04","Uzbekistan",7
"2020-04","Venezuela",5
"2020-04","Zambia",3
"2020-04","Zimbabwe",3
"2020-05","Afghanistan",26
"2020-05","Albania",2
"2020-05","Algeria",31
"2020-05","Andorra",8
"2020-05","Angola",2
"2020-05","Argentina",31
"2020-05","Armenia",29
"2020-05","Australia",10
"2020-05","Austria",25
"2020-05","Azerbaijan",22
"2020-05","Bahrain",8
"2020-05","Bangladesh",31
"2020-05","Belarus",31
"2020-05","Belgium",31
"2020-05","Benin",2
"2020-05","Bolivia",31
"2020-05","Bosnia & Herzegovina",26
"2020-05","Brazil",31
"2020-05","Brunei",1
"2020-05","Bulgaria",28
"2020-05","Burkina Faso",9
"2020-05","Cameroon",14
"2020-05","Canada",31
"2020-05","Cape Verde",3
"2020-05","Central African Republic",2
"2020-05","Chad",19
"2020-05","Chile",31
"2020-05","China",1
"2020-05","Colombia",31
"2020-05","Comoros",2
"2020-05","Costa Rica",4
"2020-05","Croatia",19
"2020-05","Cuba",13
"2020-05","Cyprus",2
"2020-05","Czechia",26
"2020-05","Democratic Republic of the Congo",15
"2020-05","Denmark",25
"2020-05","Djibouti",10
"2020-05","Dominican Republic",29
"2020-05","Ecuador",28
"2020-05","Egypt",31
"2020-05","El Salvador",19
"2020-05","Equatorial Guinea",7
"2020-05","Estonia",12
"2020-05","Eswatini",1
"2020-05","Ethiopia",6
"2020-05","Finland",20
"2020-05","France",29
"2020-05","Gabon",10
"2020-05","Georgia",6
"2020-05","Germany",31
"2020-05","Ghana",10
"2020-05","Greece",21
"2020-05","Guatemala",24
"2020-05","Guinea",11
"2020-05","Guinea-Bissau",6
"2020-05","Guyana",3
"2020-05","Honduras",27
"2020-05","Hungary",31
"2020-05","India",31
"2020-05","Indonesia",31
"2020-05","Iran",31
"2020-05","Iraq",28
"2020-05","Ireland",30
"2020-05","Israel",23
"2020-05","Italy",31
"2020-05","Ivory Coast",14
"2020-05","Jamaica",1
"2020-05","Japan",31
"2020-05","Jordan",1
"2020-05","Kazakhstan",12
"2020-05","Kenya",20
"2020-05","Kuwait",30
"2020-05","Kyrgyzstan",5
"2020-05","Latvia",8
"2020-05","Lebanon",3
"2020-05","Liberia",8
"2020-05","Libya",2
"2020-05","Lithuania",16
"2020-05","Luxembourg",11
"2020-05","Madagascar",4
"2020-05","Malawi",1
"2020-05","Malaysia",10
"2020-05","Maldives",4
"2020-05","Mali",24
"2020-05","Malta",4
"2020-05","Mauritania",11
"2020-05","Mexico",31
"2020-05","Moldova",31
"2020-05","Montenegro",2
"2020-05","Morocco",20
"2020-05","Mozambique",2
"2020-05","Nepal",7
"2020-05","Netherlands",31
"2020-05","New Zealand",3
"2020-05","Niger",21
"2020-05","Nigeria",30
"2020-05","North Macedonia",26
"2020-05","Norway",15
"2020-05","Oman",20
"2020-05","Pakistan",30
"2020-05","Palestinian Territories",1
"2020-05","Panama",30
"2020-05","Paraguay",1
"2020-05","Peru",31
"2020-05","Philippines",31
"2020-05","Poland",31
"2020-05","Portugal",31
"2020-05","Qatar",15
"2020-05","Republic of the Congo",6
"2020-05","Romania",31
"2020-05","Russia",31
"2020-05","Rwanda",1
"2020-05","San Marino",1
"2020-05","Sao Tome and Principe",9
"2020-05","Saudi Arabia",31
"2020-05","Senegal",19
"2020-05","Serbia",25
"2020-05","Sierra Leone",22
"2020-05","Singapore",7
"2020-05","Slovakia",5
"2020-05","Slovenia",15
"2020-05","Somalia",20
"2020-05","South Africa",30
"2020-05","South Korea",16
"2020-05","South Sudan",4
"2020-05","Spain",27
"2020-05","Sri Lanka",3
"2020-05","Sudan",24
"2020-05","Sweden",30
"2020-05","Switzerland",26
"2020-05","Taiwan",1
"2020-05","Tajikistan",16
"2020-05","Thailand",3
"2020-05","Togo",4
"2020-05","Tunisia",7
"2020-05","Turkey",31
"2020-05","Ukraine",31
"2020-05","United Arab Emirates",31
"2020-05","United Kingdom",31
"2020-05","United States",31
"2020-05","Uruguay",4
"2020-05","Uzbekistan",6
"2020-05","Venezuela",2
"2020-05","Zambia",2
"2020-06","Afghanistan",29
"2020-06","Albania",17
"2020-06","Algeria",30
"2020-06","Andorra",1
"2020-06","Angola",8
"2020-06","Argentina",30
"2020-06","Armenia",30
"2020-06","Australia",2
"2020-06","Austria",18
"2020-06","Azerbaijan",30
"2020-06","Bahrain",28
"2020-06","Bangladesh",30
"2020-06","Belarus",30
"2020-06","Belgium",26
"2020-06","Benin",10
"2020-06","Bolivia",30
"2020-06","Bosnia & Herzegovina",16
"2020-06","Brazil",30
"2020-06","Brunei",1
"2020-06","Bulgaria",25
"2020-06","Cameroon",11
"2020-06","Canada",30
"2020-06","Cape Verde",7
"2020-06","Central African Republic",13
"2020-06","Chad",8
"2020-06","Chile",30
"2020-06","China",3
"2020-06","Colombia",30
"2020-06","Comoros",3
"2020-06","Costa Rica",5
"2020-06","Croatia",3
"2020-06","Cuba",3
"2020-06","Cyprus",2
"2020-06","Czechia",20
"2020-06","Democratic Republic of the Congo",25
"2020-06","Denmark",15
"2020-06","Djibouti",15
"2020-06","Dominican Republic",29
"2020-06","Ecuador",24
"2020-06","Egypt",30
"2020-06","El Salvador",25
"2020-06","Equatorial Guinea",1
"2020-06","Estonia",1
"2020-06","Eswatini",7
"2020-06","Ethiopia",26
"2020-06","Finland",4
"2020-06","France",29
"2020-06","Gabon",12
"2020-06","Gambia",1
"2020-06","Georgia",3
"2020-06","Germany",29
"2020-06","Ghana",12
"2020-06","Greece",12
"2020-06","Guatemala",30
"2020-06","Guinea",9
"2020-06","Guinea-Bissau",6
"2020-06","Honduras",29
"2020-06","Hungary",26
"2020-06","India",30
"2020-06","Indonesia",30
"2020-06","Iran",30
"2020-06","Iraq",30
"2020-06","Ireland",24
"2020-06","Israel",21
"2020-06","Italy",29
"2020-06","Ivory Coast",16
"2020-06","Jamaica",1
"2020-06","Japan",23
"2020-06","Kazakhstan",26
"2020-06","Kenya",30
"2020-06","Kuwait",30
"2020-06","Kyrgyzstan",19
"2020-06","Latvia",5
"2020-06","Lebanon",7
"2020-06","Liberia",7
"2020-06","Libya",8
"2020-06","Lithuania",6
"2020-06","Madagascar",11
"2020-06","Malawi",7
"2020-06","Malaysia",5
"2020-06","Maldives",4
"2020-06","Mali",20
"2020-06","Mauritania",29
"2020-06","Mexico",30
"2020-06","Moldova",30
"2020-06","Montenegro",2
"2020-06","Morocco",14
"2020-06","Mozambique",4
"2020-06","Nepal",17
"2020-06","Netherlands",28
"2020-06","Niger",3
"2020-06","Nigeria",30
"2020-06","North Macedonia",30
"2020-06","Norway",9
"2020-06","Oman",28
"2020-06","Pakistan",29
"2020-06","Palestinian Territories",3
"2020-06","Panama",30
"2020-06","Paraguay",5
"2020-06","Peru",30
"2020-06","Philippines",30
"2020-06","Poland",30
"2020-06","Portugal",30
"2020-06","Qatar",25
"2020-06","Republic of the Congo",4
"2020-06","Romania",30
"2020-06","Russia",30
"2020-06","Rwanda",1
"2020-06","Sao Tome and Principe",1
"2020-06","Saudi Arabia",30
"2020-06","Senegal",24
"2020-06","Serbia",26
"2020-06","Sierra Leone",10
"2020-06","Singapore",3
"2020-06","Slovenia",2
"2020-06","Somalia",8
"2020-06","South Africa",30
"2020-06","South Korea",10
"2020-06","South Sudan",11
"2020-06","Spain",17
"2020-06","Sri Lanka",1
"2020-06","Sudan",22
"2020-06","Sweden",22
"2020-06","Switzerland",9
"2020-06","Tajikistan",5
"2020-06","Thailand",1
"2020-06","Togo",1
"2020-06","Tunisia",2
"2020-06","Turkey",30
"2020-06","Ukraine",30
"2020-06","United Arab Emirates",30
"2020-06","United Kingdom",30
"2020-06","United States",30
"2020-06","Uruguay",5
"2020-06","Uzbekistan",8
"2020-06","Venezuela",20
"2020-06","Zambia",6
"2020-06","Zimbabwe",2
"2020-07","Afghanistan",28
"2020-07","Albania",30
"2020-07","Algeria",31
"2020-07","Angola",21
"2020-07","Argentina",31
"2020-07","Armenia",31
"2020-07","Australia",21
"2020-07","Austria",10
"2020-07","Azerbaijan",31
"2020-07","Bahamas",1
"2020-07","Bahrain",26
"2020-07","Bangladesh",31
"2020-07","Belarus",31
"2020-07","Belgium",23
"2020-07","Benin",7
"2020-07","Bolivia",31
"2020-07","Bosnia & Herzegovina",26
"2020-07","Botswana",1
"2020-07","Brazil",31
"2020-07","Bulgaria",29
"2020-07","Cameroon",5
"2020-07","Canada",31
"2020-07","Cape Verde",7
"2020-07","Central African Republic",7
"2020-07","Chad",1
"2020-07","Chile",31
"2020-07","China",10
"2020-07","Colombia",31
"2020-07","Costa Rica",27
"2020-07","Croatia",21
"2020-07","Cuba",1
"2020-07","Czechia",17
"2020-07","Democratic Republic of the Congo",16
"2020-07","Denmark",9
"2020-07","Djibouti",3
"2020-07","Dominican Republic",31
"2020-07","Ecuador",30
"2020-07","Egypt",31
"2020-07","El Salvador",31
"2020-07","Equatorial Guinea",2
"2020-07","Eswatini",15
"2020-07","Ethiopia",22
"2020-07","Fiji",1
"2020-07","Finland",3
"2020-07","France",24
"2020-07","Gabon",4
"2020-07","Gambia",6
"2020-07","Georgia",2
"2020-07","Germany",29
"2020-07","Ghana",13
"2020-07","Greece",9
"2020-07","Guatemala",31
"2020-07","Guinea",11
"2020-07","Guinea-Bissau",2
"2020-07","Guyana",8
"2020-07","Honduras",31
"2020-07","Hungary",8
"2020-07","India",31
"2020-07","Indonesia",31
"2020-07","Iran",31
"2020-07","Iraq",31
"2020-07","Ireland",14
"2020-07","Israel",31
"2020-07","Italy",31
"2020-07","Ivory Coast",20
"2020-07","Japan",20
"2020-07","Jordan",2
"2020-07","Kazakhstan",13
"2020-07","Kenya",31
"2020-07","Kuwait",30
"2020-07","Kyrgyzstan",27
"2020-07","Latvia",2
"2020-07","Lebanon",14
"2020-07","Lesotho",7
"2020-07","Liberia",12
"2020-07","Libya",26
"2020-07","Lithuania",2
"2020-07","Luxembourg",4
"2020-07","Madagascar",27
"2020-07","Malawi",22
"2020-07","Malaysia",4
"2020-07","Maldives",7
"2020-07","Mali",8
"2020-07","Mauritania",14
"2020-07","Mexico",31
"2020-07","Moldova",31
"2020-07","Montenegro",16
"2020-07","Morocco",29
"2020-07","Mozambique",5
"2020-07","Namibia",8
"2020-07","Nepal",16
"2020-07","Netherlands",18
"2020-07","Niger",2
"2020-07","Nigeria",31
"2020-07","North Macedonia",29
"2020-07","Norway",5
"2020-07","Oman",30
"2020-07","Pakistan",28
"2020-07","Palestinian Territories",29
"2020-07","Panama",31
"2020-07","Papua New Guinea",3
"2020-07","Paraguay",20
"2020-07","Peru",31
"2020-07","Philippines",30
"2020-07","Poland",31
"2020-07","Portugal",31
"2020-07","Qatar",27
"2020-07","Republic of the Congo",8
"2020-07","Romania",31
"2020-07","Russia",31
"2020-07","Rwanda",3
"2020-07","Sao Tome and Principe",2
"2020-07","Saudi Arabia",31
"2020-07","Senegal",29
"2020-07","Serbia",30
"2020-07","Sierra Leone",6
"2020-07","Singapore",1
"2020-07","Slovakia",1
"2020-07","Slovenia",7
"2020-07","Somalia",2
"2020-07","South Africa",31
"2020-07","South Korea",16
"2020-07","South Sudan",4
"2020-07","Spain",23
"2020-07","Sudan",20
"2020-07","Sweden",19
"2020-07","Switzerland",13
"2020-07","Tajikistan",8
"2020-07","Togo",5
"2020-07","Turkey",31
"2020-07","Uganda",3
"2020-07","Ukraine",31
"2020-07","United Arab Emirates",26
"2020-07","United Kingdom",30
"2020-07","United States",31
"2020-07","Uruguay",8
"2020-07","Uzbekistan",30
"2020-07","Venezuela",31
"2020-07","Vietnam",1
"2020-07","Zambia",13
"2020-07","Zimbabwe",18
"2020-08","Afghanistan",17
"2020-08","Albania",31
"2020-08","Algeria",31
"2020-08","Andorra",1
"2020-08","Angola",25
"2020-08","Argentina",31
"2020-08","Armenia",31
"2020-08","Australia",31
"2020-08","Austria",11
"2020-08","Azerbaijan",29
"2020-08","Bahamas",13
"2020-08","Bahrain",25
"2020-08","Bangladesh",31
"2020-08","Belarus",30
"2020-08","Belgium",28
"2020-08","Belize",8
"2020-08","Benin",3
"2020-08","Bolivia",31
"2020-08","Bosnia & Herzegovina",26
"2020-08","Botswana",2
"2020-08","Brazil",31
"2020-08","Bulgaria",29
"2020-08","Burkina Faso",2
"2020-08","Cameroon",8
"2020-08","Canada",29
"2020-08","Cape Verde",14
"2020-08","Central African Republic",3
"2020-08","Chad",2
"2020-08","Chile",31
"2020-08","China",28
"2020-08","Colombia",31
"2020-08","Costa Rica",30
"2020-08","Croatia",22
"2020-08","Cuba",6
"2020-08","Cyprus",2
"2020-08","Czechia",23
"2020-08","Democratic Republic of the Congo",15
"2020-08","Denmark",7
"2020-08","Djibouti",2
"2020-08","Dominican Republic",31
"2020-08","Ecuador",30
"2020-08","Egypt",31
"2020-08","El Salvador",31
"2020-08","Estonia",1
"2020-08","Eswatini",23
"2020-08","Ethiopia",31
"2020-08","Fiji",1
"2020-08","Finland",2
"2020-08","France",26
"2020-08","Gabon",3
"2020-08","Gambia",17
"2020-08","Georgia",2
"2020-08","Germany",29
"2020-08","Ghana",13
"2020-08","Greece",24
"2020-08","Guatemala",31
"2020-08","Guinea",10
"2020-08","Guinea-Bissau",4
"2020-08","Guyana",12
"2020-08","Honduras",31
"2020-08","Hungary",13
"2020-08","India",31
"2020-08","Indonesia",31
"2020-08","Iran",31
"2020-08","Iraq",31
"2020-08","Ireland",7
"2020-08","Israel",31
"2020-08","Italy",31
"2020-08","Ivory Coast",12
"2020-08","Jamaica",8
"2020-08","Japan",29
"2020-08","Jordan",3
"2020-08","Kazakhstan",6
"2020-08","Kenya",30
"2020-08","Kuwait",30
"2020-08","Kyrgyzstan",21
"2020-08","Latvia",2
"2020-08","Lebanon",27
"2020-08","Lesotho",8
"2020-08","Liberia",5
"2020-08","Libya",29
"2020-08","Lithuania",6
"2020-08","Luxembourg",9
"2020-08","Madagascar",26
"2020-08","Malawi",23
"2020-08","Malaysia",2
"2020-08","Maldives",11
"2020-08","Mali",2
"2020-08","Malta",2
"2020-08","Mauritania",2
"2020-08","Mexico",31
"2020-08","Moldova",30
"2020-08","Montenegro",25
"2020-08","Morocco",31
"2020-08","Mozambique",11
"2020-08","Namibia",24
"2020-08","Nepal",29
"2020-08","Netherlands",23
"2020-08","Nigeria",27
"2020-08","North Macedonia",31
"2020-08","Norway",5
"2020-08","Oman",22
"2020-08","Pakistan",27
"2020-08","Palestinian Territories",26
"2020-08","Panama",31
"2020-08","Papua New Guinea",3
"2020-08","Paraguay",30
"2020-08","Peru",31
"2020-08","Philippines",31
"2020-08","Poland",31
"2020-08","Portugal",30
"2020-08","Qatar",13
"2020-08","Republic of the Congo",5
"2020-08","Romania",31
"2020-08","Russia",31
"2020-08","Rwanda",9
"2020-08","Saudi Arabia",31
"2020-08","Senegal",28
"2020-08","Serbia",30
"2020-08","Sierra Leone",3
"2020-08","Slovakia",2
"2020-08","Slovenia",12
"2020-08","Somalia",3
"2020-08","South Africa",31
"2020-08","South Korea",14
"2020-08","South Sudan",1
"2020-08","Spain",20
"2020-08","Sri Lanka",1
"2020-08","Sudan",17
"2020-08","Sweden",15
"2020-08","Switzerland",19
"2020-08","Tajikistan",8
"2020-08","Togo",7
"2020-08","Trinidad & Tobago",9
"2020-08","Tunisia",15
"2020-08","Turkey",31
"2020-08","Uganda",19
"2020-08","Ukraine",31
"2020-08","United Arab Emirates",20
"2020-08","United Kingdom",31
"2020-08","United States",31
"2020-08","Uruguay",8
"2020-08","Uzbekistan",31
"2020-08","Venezuela",31
"2020-08","Vietnam",19
"2020-08","Zambia",24
"2020-08","Zimbabwe",24
"2020-09","Afghanistan",18
"2020-09","Albania",29
"2020-09","Algeria",30
"2020-09","Angola",28
"2020-09","Argentina",30
"2020-09","Armenia",30
"2020-09","Australia",29
"2020-09","Austria",23
"2020-09","Azerbaijan",30
"2020-09","Bahamas",18
"2020-09","Bahrain",24
"2020-09","Bangladesh",30
"2020-09","Belarus",30
"2020-09","Belgium",29
"2020-09","Belize",10
"2020-09","Benin",1
"2020-09","Bolivia",29
"2020-09","Bosnia & Herzegovina",30
"2020-09","Botswana",6
"2020-09","Brazil",30
"2020-09","Bulgaria",29
"2020-09","Burkina Faso",3
"2020-09","Cameroon",4
"2020-09","Canada",29
"2020-09","Cape Verde",17
"2020-09","Chad",7
"2020-09","Chile",30
"2020-09","China",12
"2020-09","Colombia",27
"2020-09","Costa Rica",26
"2020-09","Croatia",28
"2020-09","Cuba",17
"2020-09","Cyprus",1
"2020-09","Czechia",29
"2020-09","Democratic Republic of the Congo",8
"2020-09","Denmark",18
"2020-09","Djibouti",1
"2020-09","Dominican Republic",29
"2020-09","Ecuador",29
"2020-09","Egypt",30
"2020-09","El Salvador",28
"2020-09","Eswatini",10
"2020-09","Ethiopia",30
"2020-09","Finland",11
"2020-09","France",29
"2020-09","Gabon",1
"2020-09","Gambia",11
"2020-09","Georgia",9
"2020-09","Germany",28
"2020-09","Ghana",9
"2020-09","Greece",30
"2020-09","Guatemala",30
"2020-09","Guinea",6
"2020-09","Guinea-Bissau",2
"2020-09","Guyana",22
"2020-09","Honduras",28
"2020-09","Hungary",29
"2020-09","India",30
"2020-09","Indonesia",30
"2020-09","Iran",30
"2020-09","Iraq",30
"2020-09","Ireland",13
"2020-09","Israel",30
"2020-09","Italy",30
"2020-09","Ivory Coast",2
"2020-09","Jamaica",26
"2020-09","Japan",30
"2020-09","Jordan",20
"2020-09","Kazakhstan",4
"2020-09","Kenya",26
"2020-09","Kuwait",30
"2020-09","Kyrgyzstan",5
"2020-09","Latvia",3
"2020-09","Lebanon",30
"2020-09","Lesotho",3
"2020-09","Libya",30
"2020-09","Lithuania",6
"2020-09","Madagascar",25
"2020-09","Malawi",4
"2020-09","Malaysia",9
"2020-09","Maldives",5
"2020-09","Mali",5
"2020-09","Malta",15
"2020-09","Mauritania",2
"2020-09","Mexico",30
"2020-09","Moldova",29
"2020-09","Montenegro",27
"2020-09","Morocco",30
"2020-09","Mozambique",20
"2020-09","Myanmar (Burma)",23
"2020-09","Namibia",21
"2020-09","Nepal",30
"2020-09","Netherlands",30
"2020-09","New Zealand",2
"2020-09","Nigeria",27
"2020-09","North Macedonia",29
"2020-09","Norway",5
"2020-09","Oman",20
"2020-09","Pakistan",29
"2020-09","Palestinian Territories",30
"2020-09","Panama",30
"2020-09","Papua New Guinea",2
"2020-09","Paraguay",30
"2020-09","Peru",30
"2020-09","Philippines",30
"2020-09","Poland",30
"2020-09","Portugal",30
"2020-09","Qatar",13
"2020-09","Republic of the Congo",4
"2020-09","Romania",30
"2020-09","Russia",30
"2020-09","Rwanda",11
"2020-09","Saudi Arabia",30
"2020-09","Senegal",20
"2020-09","Serbia",26
"2020-09","Sierra Leone",2
"2020-09","Slovakia",8
"2020-09","Slovenia",12
"2020-09","Somalia",2
"2020-09","South Africa",30
"2020-09","South Korea",28
"2020-09","South Sudan",2
"2020-09","Spain",21
"2020-09","Sri Lanka",1
"2020-09","Sudan",5
"2020-09","Sweden",14
"2020-09","Switzerland",21
"2020-09","Tajikistan",7
"2020-09","Thailand",1
"2020-09","Togo",13
"2020-09","Trinidad & Tobago",24
"2020-09","Tunisia",23
"2020-09","Turkey",30
"2020-09","Uganda",21
"2020-09","Ukraine",30
"2020-09","United Arab Emirates",20
"2020-09","United Kingdom",30
"2020-09","United States",30
"2020-09","Uruguay",4
"2020-09","Uzbekistan",30
"2020-09","Venezuela",30
"2020-09","Vietnam",1
"2020-09","Zambia",14
"2020-09","Zimbabwe",10
"2020-10","Afghanistan",25
"2020-10","Albania",31
"2020-10","Algeria",29
"2020-10","Andorra",10
"2020-10","Angola",27
"2020-10","Argentina",31
"2020-10","Armenia",31
"2020-10","Australia",10
"2020-10","Austria",30
"2020-10","Azerbaijan",30
"2020-10","Bahamas",19
"2020-10","Bahrain",26
"2020-10","Bangladesh",31
"2020-10","Belarus",28
"2020-10","Belgium",31
"2020-10","Belize",19
"2020-10","Bolivia",31
"2020-10","Bosnia & Herzegovina",30
"2020-10","Botswana",4
"2020-10","Brazil",31
"2020-10","Bulgaria",30
"2020-10","Burkina Faso",6
"2020-10","Cameroon",5
"2020-10","Canada",31
"2020-10","Cape Verde",19
"2020-10","Chad",9
"2020-10","Chile",31
"2020-10","Colombia",30
"2020-10","Costa Rica",27
"2020-10","Croatia",31
"2020-10","Cuba",5
"2020-10","Cyprus",3
"2020-10","Czechia",31
"2020-10","Democratic Republic of the Congo",9
"2020-10","Denmark",28
"2020-10","Dominican Republic",30
"2020-10","Ecuador",31
"2020-10","Egypt",31
"2020-10","El Salvador",31
"2020-10","Estonia",6
"2020-10","Eswatini",7
"2020-10","Ethiopia",31
"2020-10","Finland",14
"2020-10","France",30
"2020-10","Gabon",1
"2020-10","Gambia",5
"2020-10","Georgia",31
"2020-10","Germany",31
"2020-10","Ghana",8
"2020-10","Greece",31
"2020-10","Guatemala",31
"2020-10","Guinea",6
"2020-10","Guinea-Bissau",2
"2020-10","Guyana",21
"2020-10","Honduras",29
"2020-10","Hungary",31
"2020-10","Iceland",2
"2020-10","India",31
"2020-10","Indonesia",31
"2020-10","Iran",31
"2020-10","Iraq",31
"2020-10","Ireland",26
"2020-10","Israel",31
"2020-10","Italy",31
"2020-10","Ivory Coast",4
"2020-10","Jamaica",28
"2020-10","Japan",31
"2020-10","Jordan",31
"2020-10","Kazakhstan",4
"2020-10","Kenya",28
"2020-10","Kuwait",31
"2020-10","Kyrgyzstan",25
"2020-10","Latvia",17
"2020-10","Lebanon",31
"2020-10","Lesotho",7
"2020-10","Libya",30
"2020-10","Lithuania",27
"2020-10","Luxembourg",16
"2020-10","Madagascar",7
"2020-10","Malawi",5
"2020-10","Malaysia",30
"2020-10","Maldives",4
"2020-10","Mali",3
"2020-10","Malta",18
"2020-10","Mauritania",2
"2020-10","Mexico",30
"2020-10","Moldova",31
"2020-10","Montenegro",31
"2020-10","Morocco",31
"2020-10","Mozambique",22
"2020-10","Myanmar (Burma)",31
"2020-10","Namibia",10
"2020-10","Nepal",31
"2020-10","Netherlands",31
"2020-10","Nigeria",14
"2020-10","North Macedonia",31
"2020-10","Norway",8
"2020-10","Oman",19
"2020-10","Pakistan",30
"2020-10","Palestinian Territories",30
"2020-10","Panama",31
"2020-10","Paraguay",31
"2020-10","Peru",31
"2020-10","Philippines",31
"2020-10","Poland",31
"2020-10","Portugal",31
"2020-10","Qatar",14
"2020-10","Republic of the Congo",2
"2020-10","Romania",31
"2020-10","Russia",31
"2020-10","Rwanda",6
"2020-10","Sao Tome and Principe",1
"2020-10","Saudi Arabia",31
"2020-10","Senegal",12
"2020-10","Serbia",30
"2020-10","Sierra Leone",2
"2020-10","Singapore",1
"2020-10","Slovakia",19
"2020-10","Slovenia",28
"2020-10","Somalia",3
"2020-10","South Africa",31
"2020-10","South Korea",27
"2020-10","South Sudan",6
"2020-10","Spain",22
"2020-10","Sri Lanka",5
"2020-10","Sudan",1
"2020-10","Sweden",10
"2020-10","Switzerland",30
"2020-10","Tajikistan",7
"2020-10","Togo",8
"2020-10","Trinidad & Tobago",21
"2020-10","Tunisia",18
"2020-10","Turkey",31
"2020-10","Uganda",19
"2020-10","Ukraine",31
"2020-10","United Arab Emirates",29
"2020-10","United Kingdom",31
"2020-10","United States",31
"2020-10","Uruguay",9
"2020-10","Uzbekistan",30
"2020-10","Venezuela",30
"2020-10","Zambia",9
"2020-10","Zimbabwe",9
"2020-11","Afghanistan",28
"2020-11","Albania",30
"2020-11","Algeria",29
"2020-11","Andorra",1
"2020-11","Angola",27
"2020-11","Antigua & Barbuda",1
"2020-11","Argentina",30
"2020-11","Armenia",30
"2020-11","Australia",1
"2020-11","Austria",30
"2020-11","Azerbaijan",30
"2020-11","Bahamas",8
"2020-11","Bahrain",14
"2020-11","Bangladesh",30
"2020-11","Belarus",30
"2020-11","Belgium",30
"2020-11","Belize",27
"2020-11","Benin",1
"2020-11","Bolivia",30
"2020-11","Bosnia & Herzegovina",30
"2020-11","Botswana",4
"2020-11","Brazil",30
"2020-11","Bulgaria",30
"2020-11","Burkina Faso",1
"2020-11","Cameroon",5
"2020-11","Canada",30
"2020-11","Cape Verde",7
"2020-11","Central African Republic",1
"2020-11","Chad",3
"2020-11","Chile",30
"2020-11","China",4
"2020-11","Colombia",30
"2020-11","Costa Rica",23
"2020-11","Croatia",30
"2020-11","Cuba",7
"2020-11","Cyprus",14
"2020-11","Czechia",30
"2020-11","Democratic Republic of the Congo",13
"2020-11","Denmark",30
"2020-11","Dominican Republic",30
"2020-11","Ecuador",30
"2020-11","Egypt",30
"2020-11","El Salvador",29
"2020-11","Equatorial Guinea",1
"2020-11","Estonia",17
"2020-11","Eswatini",5
"2020-11","Ethiopia",30
"2020-11","Finland",23
"2020-11","France",29
"2020-11","Gabon",4
"2020-11","Gambia",4
"2020-11","Georgia",30
"2020-11","Germany",30
"2020-11","Ghana",2
"2020-11","Greece",30
"2020-11","Guatemala",29
"2020-11","Guinea",4
"2020-11","Guinea-Bissau",3
"2020-11","Guyana",17
"2020-11","Honduras",24
"2020-11","Hungary",30
"2020-11","Iceland",7
"2020-11","India",30
"2020-11","Indonesia",30
"2020-11","Iran",30
"2020-11","Iraq",30
"2020-11","Ireland",28
"2020-11","Israel",30
"2020-11","Italy",30
"2020-11","Ivory Coast",5
"2020-11","Jamaica",24
"2020-11","Japan",30
"2020-11","Jordan",30
"2020-11","Kazakhstan",5
"2020-11","Kenya",29
"2020-11","Kuwait",30
"2020-11","Kyrgyzstan",25
"2020-11","Latvia",29
"2020-11","Lebanon",30
"2020-11","Liberia",1
"2020-11","Libya",27
"2020-11","Lithuania",30
"2020-11","Luxembourg",20
"2020-11","Madagascar",3
"2020-11","Malawi",1
"2020-11","Malaysia",30
"2020-11","Maldives",8
"2020-11","Mali",12
"2020-11","Malta",27
"2020-11","Mauritania",9
"2020-11","Mexico",30
"2020-11","Moldova",30
"2020-11","Montenegro",29
"2020-11","Morocco",30
"2020-11","Mozambique",21
"2020-11","Myanmar (Burma)",30
"2020-11","Namibia",11
"2020-11","Nepal",30
"2020-11","Netherlands",30
"2020-11","Niger",2
"2020-11","Nigeria",15
"2020-11","North Macedonia",30
"2020-11","Norway",13
"2020-11","Oman",19
"2020-11","Pakistan",30
"2020-11","Palestinian Territories",30
"2020-11","Panama",30
"2020-11","Paraguay",30
"2020-11","Peru",30
"2020-11","Philippines",30
"2020-11","Poland",30
"2020-11","Portugal",30
"2020-11","Qatar",5
"2020-11","Republic of the Congo",2
"2020-11","Romania",30
"2020-11","Russia",30
"2020-11","Rwanda",10
"2020-11","San Marino",3
"2020-11","Sao Tome and Principe",1
"2020-11","Saudi Arabia",30
"2020-11","Senegal",9
"2020-11","Serbia",30
"2020-11","Singapore",1
"2020-11","Slovakia",25
"2020-11","Slovenia",30
"2020-11","Somalia",3
"2020-11","South Africa",30
"2020-11","South Korea",27
"2020-11","South Sudan",3
"2020-11","Spain",20
"2020-11","Sri Lanka",28
"2020-11","St. Lucia",2
"2020-11","Sudan",13
"2020-11","Sweden",12
"2020-11","Switzerland",30
"2020-11","Tajikistan",4
"2020-11","Thailand",1
"2020-11","Togo",6
"2020-11","Trinidad & Tobago",9
"2020-11","Tunisia",28
"2020-11","Turkey",30
"2020-11","Uganda",22
"2020-11","Ukraine",30
"2020-11","United Arab Emirates",28
"2020-11","United Kingdom",30
"2020-11","United States",30
"2020-11","Uruguay",17
"2020-11","Uzbekistan",20
"2020-11","Venezuela",30
"2020-11","Zambia",4
"2020-11","Zimbabwe",17
"2020-12","Afghanistan",30
"2020-12","Albania",31
"2020-12","Algeria",31
"2020-12","Andorra",8
"2020-12","Angola",23
"2020-12","Antigua & Barbuda",1
"2020-12","Argentina",30
"2020-12","Armenia",31
"2020-12","Australia",1
"2020-12","Austria",31
"2020-12","Azerbaijan",31
"2020-12","Bahamas",3
"2020-12","Bahrain",7
"2020-12","Bangladesh",31
"2020-12","Belarus",31
"2020-12","Belgium",30
"2020-12","Belize",22
"2020-12","Benin",1
"2020-12","Bolivia",31
"2020-12","Bosnia & Herzegovina",28
"2020-12","Botswana",5
"2020-12","Brazil",31
"2020-12","Bulgaria",31
"2020-12","Burkina Faso",10
"2020-12","Burundi",1
"2020-12","Cameroon",4
"2020-12","Canada",31
"2020-12","Cape Verde",8
"2020-12","Chad",3
"2020-12","Chile",30
"2020-12","China",19
"2020-12","Colombia",31
"2020-12","Comoros",2
"2020-12","Costa Rica",22
"2020-12","Croatia",31
"2020-12","Cuba",9
"2020-12","Cyprus",29
"2020-12","Czechia",30
"2020-12","Democratic Republic of the Congo",18
"2020-12","Denmark",31
"2020-12","Dominican Republic",26
"2020-12","Ecuador",28
"2020-12","Egypt",31
"2020-12","El Salvador",29
"2020-12","Equatorial Guinea",1
"2020-12","Eritrea",2
"2020-12","Estonia",30
"2020-12","Eswatini",21
"2020-12","Ethiopia",31
"2020-12","Finland",30
"2020-12","France",31
"2020-12","Gabon",3
"2020-12","Gambia",1
"2020-12","Georgia",31
"2020-12","Germany",31
"2020-12","Ghana",6
"2020-12","Greece",31
"2020-12","Guatemala",31
"2020-12","Guinea",3
"2020-12","Guinea-Bissau",1
"2020-12","Guyana",9
"2020-12","Honduras",24
"2020-12","Hungary",31
"2020-12","Iceland",3
"2020-12","India",31
"2020-12","Indonesia",31
"2020-12","Iran",31
"2020-12","Iraq",31
"2020-12","Ireland",27
"2020-12","Israel",31
"2020-12","Italy",31
"2020-12","Ivory Coast",3
"2020-12","Jamaica",21
"2020-12","Japan",31
"2020-12","Jordan",31
"2020-12","Kazakhstan",4
"2020-12","Kenya",31
"2020-12","Kuwait",25
"2020-12","Kyrgyzstan",22
"2020-12","Latvia",31
"2020-12","Lebanon",30
"2020-12","Lesotho",3
"2020-12","Libya",27
"2020-12","Lithuania",31
"2020-12","Luxembourg",18
"2020-12","Madagascar",4
"2020-12","Malawi",4
"2020-12","Malaysia",29
"2020-12","Maldives",2
"2020-12","Mali",28
"2020-12","Malta",27
"2020-12","Mauritania",29
"2020-12","Mexico",31
"2020-12","Moldova",31
"2020-12","Montenegro",31
"2020-12","Morocco",31
"2020-12","Mozambique",21
"2020-12","Myanmar (Burma)",31
"2020-12","Namibia",19
"2020-12","Nepal",31
"2020-12","Netherlands",31
"2020-12","Niger",19
"2020-12","Nigeria",26
"2020-12","North Macedonia",31
"2020-12","Norway",17
"2020-12","Oman",19
"2020-12","Pakistan",31
"2020-12","Palestinian Territories",31
"2020-12","Panama",31
"2020-12","Papua New Guinea",2
"2020-12","Paraguay",30
"2020-12","Peru",31
"2020-12","Philippines",31
"2020-12","Poland",31
"2020-12","Portugal",31
"2020-12","Qatar",8
"2020-12","Republic of the Congo",4
"2020-12","Romania",31
"2020-12","Russia",31
"2020-12","Rwanda",17
"2020-12","San Marino",12
"2020-12","Saudi Arabia",31
"2020-12","Senegal",27
"2020-12","Serbia",31
"2020-12","Sierra Leone",2
"2020-12","Slovakia",28
"2020-12","Slovenia",31
"2020-12","Somalia",4
"2020-12","South Africa",31
"2020-12","South Korea",30
"2020-12","South Sudan",2
"2020-12","Spain",21
"2020-12","Sri Lanka",28
"2020-12","St. Lucia",2
"2020-12","Sudan",19
"2020-12","Sweden",11
"2020-12","Switzerland",31
"2020-12","Tajikistan",3
"2020-12","Thailand",1
"2020-12","Togo",3
"2020-12","Trinidad & Tobago",6
"2020-12","Tunisia",28
"2020-12","Turkey",31
"2020-12","Uganda",15
"2020-12","Ukraine",31
"2020-12","United Arab Emirates",31
"2020-12","United Kingdom",31
"2020-12","United States",31
"2020-12","Uruguay",27
"2020-12","Uzbekistan",4
"2020-12","Venezuela",31
"2020-12","Zambia",17
"2020-12","Zimbabwe",27
"2021-01","Afghanistan",29
"2021-01","Albania",30
"2021-01","Algeria",31
"2021-01","Andorra",12
"2021-01","Angola",24
"2021-01","Antigua & Barbuda",2
"2021-01","Argentina",31
"2021-01","Armenia",31
"2021-01","Austria",31
"2021-01","Azerbaijan",31
"2021-01","Bahamas",3
"2021-01","Bahrain",15
"2021-01","Bangladesh",31
"2021-01","Barbados",5
"2021-01","Belarus",31
"2021-01","Belgium",31
"2021-01","Belize",22
"2021-01","Benin",3
"2021-01","Bhutan",1
"2021-01","Bolivia",31
"2021-01","Bosnia & Herzegovina",19
"2021-01","Botswana",8
"2021-01","Brazil",31
"2021-01","Bulgaria",31
"2021-01","Burkina Faso",15
"2021-01","Cameroon",3
"2021-01","Canada",31
"2021-01","Cape Verde",13
"2021-01","Chad",13
"2021-01","Chile",30
"2021-01","China",23
"2021-01","Colombia",31
"2021-01","Comoros",22
"2021-01","Costa Rica",20
"2021-01","Croatia",31
"2021-01","Cuba",24
"2021-01","Cyprus",27
"2021-01","Czechia",31
"2021-01","Democratic Republic of the Congo",19
"2021-01","Denmark",30
"2021-01","Djibouti",2
"2021-01","Dominican Republic",23
"2021-01","Ecuador",29
"2021-01","Egypt",31
"2021-01","El Salvador",29
"2021-01","Eritrea",2
"2021-01","Estonia",31
"2021-01","Eswatini",30
"2021-01","Ethiopia",31
"2021-01","Finland",29
"2021-01","France",31
"2021-01","Gabon",3
"2021-01","Gambia",4
"2021-01","Georgia",31
"2021-01","Germany",31
"2021-01","Ghana",13
"2021-01","Greece",31
"2021-01","Grenada",1
"2021-01","Guatemala",30
"2021-01","Guinea",1
"2021-01","Guyana",8
"2021-01","Honduras",31
"2021-01","Hungary",31
"2021-01","India",30
"2021-01","Indonesia",31
"2021-01","Iran",31
"2021-01","Iraq",31
"2021-01","Ireland",31
"2021-01","Israel",31
"2021-01","Italy",31
"2021-01","Ivory Coast",12
"2021-01","Jamaica",25
"2021-01","Japan",31
"2021-01","Jordan",31
"2021-01","Kazakhstan",5
"2021-01","Kenya",26
"2021-01","Kuwait",17
"2021-01","Kyrgyzstan",23
"2021-01","Latvia",31
"2021-01","Lebanon",31
"2021-01","Lesotho",20
"2021-01","Liberia",1
"2021-01","Libya",26
"2021-01","Lithuania",31
"2021-01","Luxembourg",18
"2021-01","Madagascar",5
"2021-01","Malawi",29
"2021-01","Malaysia",31
"2021-01","Maldives",4
"2021-01","Mali",26
"2021-01","Malta",27
"2021-01","Mauritania",28
"2021-01","Mexico",31
"2021-01","Moldova",31
"2021-01","Montenegro",30
"2021-01","Morocco",31
"2021-01","Mozambique",29
"2021-01","Myanmar (Burma)",31
"2021-01","Namibia",28
"2021-01","Nepal",30
"2021-01","Netherlands",31
"2021-01","Niger",20
"2021-01","Nigeria",31
"2021-01","North Macedonia",31
"2021-01","Norway",19
"2021-01","Oman",16
"2021-01","Pakistan",31
"2021-01","Palestinian Territories",31
"2021-01","Panama",31
"2021-01","Paraguay",30
"2021-01","Peru",31
"2021-01","Philippines",31
"2021-01","Poland",31
"2021-01","Portugal",31
"2021-01","Qatar",2
"2021-01","Republic of the Congo",3
"2021-01","Romania",31
"2021-01","Russia",31
"2021-01","Rwanda",31
"2021-01","San Marino",5
"2021-01","Saudi Arabia",31
"2021-01","Senegal",30
"2021-01","Serbia",30
"2021-01","Seychelles",3
"2021-01","Sierra Leone",2
"2021-01","Slovakia",29
"2021-01","Slovenia",31
"2021-01","South Africa",31
"2021-01","South Korea",31
"2021-01","South Sudan",1
"2021-01","Spain",19
"2021-01","Sri Lanka",30
"2021-01","St. Lucia",6
"2021-01","St. Vincent & Grenadines",2
"2021-01","Sudan",8
"2021-01","Sweden",13
"2021-01","Switzerland",31
"2021-01","Taiwan",1
"2021-01","Tajikistan",1
"2021-01","Thailand",13
"2021-01","Togo",8
"2021-01","Trinidad & Tobago",7
"2021-01","Tunisia",31
"2021-01","Turkey",31
"2021-01","Uganda",15
"2021-01","Ukraine",31
"2021-01","United Arab Emirates",31
"2021-01","United Kingdom",31
"2021-01","United States",31
"2021-01","Uruguay",31
"2021-01","Uzbekistan",7
"2021-01","Venezuela",30
"2021-01","Zambia",31
"2021-01","Zimbabwe",31
"2021-02","Afghanistan",21
"2021-02","Albania",28
"2021-02","Algeria",27
"2021-02","Andorra",8
"2021-02","Angola",21
"2021-02","Antigua & Barbuda",6
"2021-02","Argentina",28
"2021-02","Armenia",28
"2021-02","Austria",28
"2021-02","Azerbaijan",28
"2021-02","Bahamas",2
"2021-02","Bahrain",24
"2021-02","Bangladesh",28
"2021-02","Barbados",14
"2021-02","Belarus",28
"2021-02","Belgium",28
"2021-02","Belize",8
"2021-02","Benin",6
"2021-02","Bolivia",28
"2021-02","Bosnia & Herzegovina",19
"2021-02","Botswana",8
"2021-02","Brazil",28
"2021-02","Bulgaria",28
"2021-02","Burkina Faso",10
"2021-02","Burundi",1
"2021-02","Cameroon",4
"2021-02","Canada",28
"2021-02","Cape Verde",13
"2021-02","Chad",15
"2021-02","Chile",28
"2021-02","China",14
"2021-02","Colombia",28
"2021-02","Comoros",19
"2021-02","Costa Rica",20
"2021-02","Croatia",28
"2021-02","Cuba",28
"2021-02","Cyprus",20
"2021-02","Czechia",28
"2021-02","Democratic Republic of the Congo",12
"2021-02","Denmark",26
"2021-02","Dominican Republic",28
"2021-02","Ecuador",28
"2021-02","Egypt",28
"2021-02","El Salvador",28
"2021-02","Equatorial Guinea",4
"2021-02","Estonia",28
"2021-02","Eswatini",20
"2021-02","Ethiopia",28
"2021-02","Finland",25
"2021-02","France",27
"2021-02","Gabon",7
"2021-02","Gambia",12
"2021-02","Georgia",28
"2021-02","Germany",28
"2021-02","Ghana",21
"2021-02","Greece",28
"2021-02","Guatemala",28
"2021-02","Guinea",7
"2021-02","Guinea-Bissau",3
"2021-02","Guyana",12
"2021-02","Honduras",27
"2021-02","Hungary",28
"2021-02","India",28
"2021-02","Indonesia",28
"2021-02","Iran",28
"2021-02","Iraq",28
"2021-02","Ireland",27
"2021-02","Israel",27
"2021-02","Italy",28
"2021-02","Ivory Coast",18
"2021-02","Jamaica",23
"2021-02","Japan",28
"2021-02","Jordan",28
"2021-02","Kazakhstan",4
"2021-02","Kenya",23
"2021-02","Kuwait",26
"2021-02","Kyrgyzstan",19
"2021-02","Latvia",28
"2021-02","Lebanon",28
"2021-02","Lesotho",15
"2021-02","Liberia",1
"2021-02","Libya",24
"2021-02","Lithuania",28
"2021-02","Luxembourg",20
"2021-02","Madagascar",3
"2021-02","Malawi",27
"2021-02","Malaysia",28
"2021-02","Maldives",9
"2021-02","Mali",13
"2021-02","Malta",23
"2021-02","Mauritania",16
"2021-02","Mexico",27
"2021-02","Moldova",28
"2021-02","Montenegro",28
"2021-02","Morocco",28
"2021-02","Mozambique",27
"2021-02","Myanmar (Burma)",17
"2021-02","Namibia",25
"2021-02","Nepal",18
"2021-02","Netherlands",28
"2021-02","New Zealand",1
"2021-02","Niger",10
"2021-02","Nigeria",28
"2021-02","North Macedonia",28
"2021-02","Norway",11
"2021-02","Oman",16
"2021-02","Pakistan",27
"2021-02","Palestinian Territories",28
"2021-02","Panama",28
"2021-02","Papua New Guinea",3
"2021-02","Paraguay",28
"2021-02","Peru",28
"2021-02","Philippines",28
"2021-02","Poland",28
"2021-02","Portugal",28
"2021-02","Qatar",9
"2021-02","Republic of the Congo",4
"2021-02","Romania",28
"2021-02","Russia",28
"2021-02","Rwanda",23
"2021-02","San Marino",6
"2021-02","Sao Tome and Principe",9
"2021-02","Saudi Arabia",28
"2021-02","Senegal",28
"2021-02","Serbia",28
"2021-02","Seychelles",8
"2021-02","Slovakia",28
"2021-02","Slovenia",27
"2021-02","Somalia",18
"2021-02","South Africa",28
"2021-02","South Korea",28
"2021-02","South Sudan",13
"2021-02","Spain",20
"2021-02","Sri Lanka",26
"2021-02","St. Lucia",13
"2021-02","St. Vincent & Grenadines",4
"2021-02","Sudan",13
"2021-02","Sweden",16
"2021-02","Switzerland",27
"2021-02","Taiwan",1
"2021-02","Thailand",5
"2021-02","Togo",6
"2021-02","Trinidad & Tobago",5
"2021-02","Tunisia",28
"2021-02","Turkey",28
"2021-02","Uganda",6
"2021-02","Ukraine",28
"2021-02","United Arab Emirates",28
"2021-02","United Kingdom",28
"2021-02","United States",28
"2021-02","Uruguay",28
"2021-02","Uzbekistan",1
"2021-02","Venezuela",28
"2021-02","Zambia",28
"2021-02","Zimbabwe",25
"2021-03","Afghanistan",18
"2021-03","Albania",31
"2021-03","Algeria",31
"2021-03","Andorra",4
"2021-03","Angola",20
"2021-03","Antigua & Barbuda",7
"2021-03","Argentina",31
"2021-03","Armenia",31
"2021-03","Austria",31
"2021-03","Azerbaijan",31
"2021-03","Bahamas",4
"2021-03","Bahrain",30
"2021-03","Bangladesh",31
"2021-03","Barbados",7
"2021-03","Belarus",31
"2021-03","Belgium",30
"2021-03","Belize",3
"2021-03","Benin",3
"2021-03","Bolivia",31
"2021-03","Bosnia & Herzegovina",22
"2021-03","Botswana",9
"2021-03","Brazil",31
"2021-03","Bulgaria",31
"2021-03","Burkina Faso",4
"2021-03","Burundi",1
"2021-03","Cambodia",8
"2021-03","Cameroon",3
"2021-03","Canada",31
"2021-03","Cape Verde",14
"2021-03","Central African Republic",2
"2021-03","Chad",14
"2021-03","Chile",31
"2021-03","China",6
"2021-03","Colombia",31
"2021-03","Comoros",2
"2021-03","Costa Rica",12
"2021-03","Croatia",31
"2021-03","Cuba",31
"2021-03","Cyprus",16
"2021-03","Czechia",31
"2021-03","Democratic Republic of the Congo",8
"2021-03","Denmark",28
"2021-03","Djibouti",6
"2021-03","Dominican Republic",30
"2021-03","Ecuador",31
"2021-03","Egypt",31
"2021-03","El Salvador",27
"2021-03","Equatorial Guinea",7
"2021-03","Eritrea",3
"2021-03","Estonia",31
"2021-03","Eswatini",9
"2021-03","Ethiopia",31
"2021-03","Finland",29
"2021-03","France",31
"2021-03","Gabon",14
"2021-03","Gambia",9
"2021-03","Georgia",31
"2021-03","Germany",31
"2021-03","Ghana",17
"2021-03","Greece",31
"2021-03","Guatemala",30
"2021-03","Guinea",17
"2021-03","Guinea-Bissau",8
"2021-03","Guyana",22
"2021-03","Honduras",30
"2021-03","Hungary",31
"2021-03","India",31
"2021-03","Indonesia",31
"2021-03","Iran",31
"2021-03","Iraq",31
"2021-03","Ireland",26
"2021-03","Israel",29
"2021-03","Italy",31
"2021-03","Ivory Coast",24
"2021-03","Jamaica",31
"2021-03","Japan",31
"2021-03","Jordan",31
"2021-03","Kazakhstan",4
"2021-03","Kenya",31
"2021-03","Kuwait",31
"2021-03","Kyrgyzstan",17
"2021-03","Latvia",31
"2021-03","Lebanon",31
"2021-03","Lesotho",7
"2021-03","Libya",27
"2021-03","Lithuania",31
"2021-03","Luxembourg",23
"2021-03","Madagascar",19
"2021-03","Malawi",27
"2021-03","Malaysia",31
"2021-03","Maldives",5
"2021-03","Mali",18
"2021-03","Malta",30
"2021-03","Mauritania",8
"2021-03","Mexico",31
"2021-03","Moldova",31
"2021-03","Montenegro",31
"2021-03","Morocco",30
"2021-03","Mozambique",29
"2021-03","Myanmar (Burma)",7
"2021-03","Namibia",27
"2021-03","Nepal",13
"2021-03","Netherlands",31
"2021-03","Niger",8
"2021-03","Nigeria",25
"2021-03","North Macedonia",31
"2021-03","Norway",11
"2021-03","Oman",21
"2021-03","Pakistan",31
"2021-03","Palestinian Territories",31
"2021-03","Panama",31
"2021-03","Papua New Guinea",12
"2021-03","Paraguay",31
"2021-03","Peru",31
"2021-03","Philippines",31
"2021-03","Poland",31
"2021-03","Portugal",31
"2021-03","Qatar",23
"2021-03","Republic of the Congo",3
"2021-03","Romania",31
"2021-03","Russia",31
"2021-03","Rwanda",25
"2021-03","San Marino",8
"2021-03","Sao Tome and Principe",5
"2021-03","Saudi Arabia",31
"2021-03","Senegal",31
"2021-03","Serbia",29
"2021-03","Seychelles",6
"2021-03","Singapore",1
"2021-03","Slovakia",31
"2021-03","Slovenia",31
"2021-03","Somalia",26
"2021-03","South Africa",31
"2021-03","South Korea",31
"2021-03","South Sudan",11
"2021-03","Spain",21
"2021-03","Sri Lanka",24
"2021-03","St. Lucia",13
"2021-03","St. Vincent & Grenadines",2
"2021-03","Sudan",10
"2021-03","Sweden",18
"2021-03","Switzerland",31
"2021-03","Taiwan",1
"2021-03","Thailand",11
"2021-03","Togo",14
"2021-03","Trinidad & Tobago",3
"2021-03","Tunisia",31
"2021-03","Turkey",31
"2021-03","Uganda",1
"2021-03","Ukraine",31
"2021-03","United Arab Emirates",31
"2021-03","United Kingdom",31
"2021-03","United States",31
"2021-03","Uruguay",31
"2021-03","Uzbekistan",6
"2021-03","Venezuela",29
"2021-03","Zambia",29
"2021-03","Zimbabwe",24
"2021-04","Afghanistan",25
"2021-04","Albania",30
"2021-04","Algeria",30
"2021-04","Andorra",8
"2021-04","Angola",24
"2021-04","Antigua & Barbuda",4
"2021-04","Argentina",30
"2021-04","Armenia",30
"2021-04","Australia",1
"2021-04","Austria",30
"2021-04","Azerbaijan",30
"2021-04","Bahamas",6
"2021-04","Bahrain",30
"2021-04","Bangladesh",30
"2021-04","Barbados",2
"2021-04","Belarus",30
"2021-04","Belgium",30
"2021-04","Belize",5
"2021-04","Benin",4
"2021-04","Bolivia",28
"2021-04","Bosnia & Herzegovina",21
"2021-04","Botswana",9
"2021-04","Brazil",30
"2021-04","Bulgaria",28
"2021-04","Burkina Faso",8
"2021-04","Cambodia",26
"2021-04","Cameroon",5
"2021-04","Canada",30
"2021-04","Cape Verde",22
"2021-04","Central African Republic",8
"2021-04","Chad",6
"2021-04","Chile",30
"2021-04","China",3
"2021-04","Colombia",30
"2021-04","Costa Rica",16
"2021-04","Croatia",30
"2021-04","Cuba",29
"2021-04","Cyprus",23
"2021-04","Czechia",30
"2021-04","Democratic Republic of the Congo",7
"2021-04","Denmark",27
"2021-04","Djibouti",23
"2021-04","Dominican Republic",30
"2021-04","Ecuador",29
"2021-04","Egypt",30
"2021-04","El Salvador",28
"2021-04","Equatorial Guinea",5
"2021-04","Estonia",29
"2021-04","Eswatini",4
"2021-04","Ethiopia",30
"2021-04","Finland",25
"2021-04","France",30
"2021-04","Gabon",9
"2021-04","Gambia",6
"2021-04","Georgia",30
"2021-04","Germany",30
"2021-04","Ghana",11
"2021-04","Greece",30
"2021-04","Guatemala",30
"2021-04","Guinea",14
"2021-04","Guinea-Bissau",3
"2021-04","Guyana",26
"2021-04","Honduras",26
"2021-04","Hungary",30
"2021-04","India",30
"2021-04","Indonesia",30
"2021-04","Iran",30
"2021-04","Iraq",30
"2021-04","Ireland",27
"2021-04","Israel",27
"2021-04","Italy",30
"2021-04","Ivory Coast",21
"2021-04","Jamaica",29
"2021-04","Japan",30
"2021-04","Jordan",30
"2021-04","Kazakhstan",4
"2021-04","Kenya",30
"2021-04","Kuwait",30
"2021-04","Kyrgyzstan",27
"2021-04","Latvia",29
"2021-04","Lebanon",30
"2021-04","Lesotho",1
"2021-04","Libya",26
"2021-04","Lithuania",30
"2021-04","Luxembourg",16
"2021-04","Madagascar",30
"2021-04","Malawi",19
"2021-04","Malaysia",30
"2021-04","Maldives",6
"2021-04","Mali",30
"2021-04","Malta",14
"2021-04","Mauritania",6
"2021-04","Mauritius",3
"2021-04","Mexico",30
"2021-04","Moldova",30
"2021-04","Montenegro",30
"2021-04","Morocco",30
"2021-04","Mozambique",16
"2021-04","Myanmar (Burma)",2
"2021-04","Namibia",28
"2021-04","Nepal",25
"2021-04","Netherlands",30
"2021-04","Niger",5
"2021-04","Nigeria",6
"2021-04","North Macedonia",30
"2021-04","Norway",16
"2021-04","Oman",21
"2021-04","Pakistan",30
"2021-04","Palestinian Territories",30
"2021-04","Panama",30
"2021-04","Papua New Guinea",12
"2021-04","Paraguay",30
"2021-04","Peru",30
"2021-04","Philippines",30
"2021-04","Poland",30
"2021-04","Portugal",28
"2021-04","Qatar",30
"2021-04","Republic of the Congo",3
"2021-04","Romania",30
"2021-04","Russia",30
"2021-04","Rwanda",18
"2021-04","San Marino",5
"2021-04","Sao Tome and Principe",1
"2021-04","Saudi Arabia",30
"2021-04","Senegal",24
"2021-04","Serbia",30
"2021-04","Seychelles",6
"2021-04","Slovakia",29
"2021-04","Slovenia",30
"2021-04","Somalia",13
"2021-04","South Africa",30
"2021-04","South Korea",30
"2021-04","South Sudan",4
"2021-04","Spain",21
"2021-04","Sri Lanka",21
"2021-04","St. Lucia",9
"2021-04","St. Vincent & Grenadines",1
"2021-04","Sudan",8
"2021-04","Sweden",17
"2021-04","Switzerland",30
"2021-04","Taiwan",2
"2021-04","Thailand",17
"2021-04","Togo",11
"2021-04","Trinidad & Tobago",12
"2021-04","Tunisia",30
"2021-04","Turkey",30
"2021-04","Uganda",5
"2021-04","Ukraine",30
"2021-04","United Arab Emirates",30
"2021-04","United Kingdom",30
"2021-04","United States",30
"2021-04","Uruguay",30
"2021-04","Uzbekistan",17
"2021-04","Venezuela",30
"2021-04","Zambia",22
"2021-04","Zimbabwe",20
"2021-05","Afghanistan",31
"2021-05","Albania",29
"2021-05","Algeria",31
"2021-05","Andorra",1
"2021-05","Angola",31
"2021-05","Antigua & Barbuda",2
"2021-05","Argentina",31
"2021-05","Armenia",31
"2021-05","Austria",31
"2021-05","Azerbaijan",31
"2021-05","Bahamas",13
"2021-05","Bahrain",31
"2021-05","Bangladesh",31
"2021-05","Barbados",3
"2021-05","Belarus",31
"2021-05","Belgium",31
"2021-05","Belize",1
"2021-05","Benin",2
"2021-05","Bolivia",25
"2021-05","Bosnia & Herzegovina",20
"2021-05","Botswana",9
"2021-05","Brazil",31
"2021-05","Bulgaria",31
"2021-05","Burkina Faso",5
"2021-05","Cambodia",28
"2021-05","Cameroon",5
"2021-05","Canada",31
"2021-05","Cape Verde",25
"2021-05","Central African Republic",6
"2021-05","Chad",3
"2021-05","Chile",31
"2021-05","China",1
"2021-05","Colombia",31
"2021-05","Costa Rica",21
"2021-05","Croatia",31
"2021-05","Cuba",31
"2021-05","Cyprus",24
"2021-05","Czechia",31
"2021-05","Democratic Republic of the Congo",9
"2021-05","Denmark",18
"2021-05","Djibouti",9
"2021-05","Dominican Republic",26
"2021-05","Ecuador",31
"2021-05","Egypt",31
"2021-05","El Salvador",30
"2021-05","Equatorial Guinea",2
"2021-05","Eritrea",2
"2021-05","Estonia",29
"2021-05","Eswatini",2
"2021-05","Ethiopia",31
"2021-05","Fiji",2
"2021-05","Finland",18
"2021-05","France",31
"2021-05","Gabon",8
"2021-05","Gambia",3
"2021-05","Georgia",31
"2021-05","Germany",31
"2021-05","Ghana",4
"2021-05","Greece",30
"2021-05","Guatemala",31
"2021-05","Guinea",13
"2021-05","Guinea-Bissau",1
"2021-05","Guyana",27
"2021-05","Honduras",27
"2021-05","Hungary",31
"2021-05","Iceland",1
"2021-05","India",31
"2021-05","Indonesia",31
"2021-05","Iran",31
"2021-05","Iraq",31
"2021-05","Ireland",9
"2021-05","Israel",23
"2021-05","Italy",31
"2021-05","Ivory Coast",9
"2021-05","Jamaica",31
"2021-05","Japan",31
"2021-05","Jordan",18
"2021-05","Kazakhstan",4
"2021-05","Kenya",31
"2021-05","Kuwait",31
"2021-05","Kyrgyzstan",31
"2021-05","Latvia",30
"2021-05","Lebanon",30
"2021-05","Lesotho",4
"2021-05","Liberia",1
"2021-05","Libya",23
"2021-05","Lithuania",31
"2021-05","Luxembourg",11
"2021-05","Madagascar",31
"2021-05","Malawi",6
"2021-05","Malaysia",31
"2021-05","Maldives",24
"2021-05","Mali",19
"2021-05","Malta",5
"2021-05","Mauritania",7
"2021-05","Mauritius",2
"2021-05","Mexico",31
"2021-05","Moldova",31
"2021-05","Montenegro",27
"2021-05","Morocco",30
"2021-05","Mozambique",15
"2021-05","Myanmar (Burma)",6
"2021-05","Namibia",26
"2021-05","Nepal",31
"2021-05","Netherlands",31
"2021-05","Niger",1
"2021-05","Nigeria",5
"2021-05","North Macedonia",31
"2021-05","Norway",6
"2021-05","Oman",20
"2021-05","Pakistan",30
"2021-05","Palestinian Territories",24
"2021-05","Panama",30
"2021-05","Papua New Guinea",10
"2021-05","Paraguay",31
"2021-05","Peru",31
"2021-05","Philippines",31
"2021-05","Poland",31
"2021-05","Portugal",24
"2021-05","Qatar",28
"2021-05","Republic of the Congo",4
"2021-05","Romania",31
"2021-05","Russia",31
"2021-05","Rwanda",14
"2021-05","Sao Tome and Principe",3
"2021-05","Saudi Arabia",31
"2021-05","Senegal",22
"2021-05","Serbia",29
"2021-05","Seychelles",5
"2021-05","Singapore",3
"2021-05","Slovakia",30
"2021-05","Slovenia",31
"2021-05","Somalia",8
"2021-05","South Africa",29
"2021-05","South Korea",31
"2021-05","Spain",21
"2021-05","Sri Lanka",25
"2021-05","St. Lucia",4
"2021-05","St. Vincent & Grenadines",1
"2021-05","Sudan",6
"2021-05","Sweden",14
"2021-05","Switzerland",30
"2021-05","Taiwan",12
"2021-05","Thailand",31
"2021-05","Togo",2
"2021-05","Trinidad & Tobago",31
"2021-05","Tunisia",31
"2021-05","Turkey",31
"2021-05","Uganda",12
"2021-05","Ukraine",31
"2021-05","United Arab Emirates",31
"2021-05","United Kingdom",31
"2021-05","United States",31
"2021-05","Uruguay",31
"2021-05","Uzbekistan",23
"2021-05","Venezuela",30
"2021-05","Vietnam",10
"2021-05","Zambia",20
"2021-05","Zimbabwe",15
"2021-06","Afghanistan",29
"2021-06","Albania",5
"2021-06","Algeria",30
"2021-06","Angola",30
"2021-06","Argentina",30
"2021-06","Armenia",26
"2021-06","Austria",25
"2021-06","Azerbaijan",23
"2021-06","Bahamas",11
"2021-06","Bahrain",30
"2021-06","Bangladesh",30
"2021-06","Belarus",30
"2021-06","Belgium",27
"2021-06","Belize",5
"2021-06","Benin",3
"2021-06","Bolivia",26
"2021-06","Bosnia & Herzegovina",22
"2021-06","Botswana",8
"2021-06","Brazil",30
"2021-06","Bulgaria",29
"2021-06","Burkina Faso",2
"2021-06","Burundi",1
"2021-06","Cambodia",30
"2021-06","Cameroon",5
"2021-06","Canada",30
"2021-06","Cape Verde",15
"2021-06","Chad",1
"2021-06","Chile",30
"2021-06","China",1
"2021-06","Colombia",30
"2021-06","Costa Rica",22
"2021-06","Croatia",29
"2021-06","Cuba",30
"2021-06","Cyprus",10
"2021-06","Czechia",26
"2021-06","Democratic Republic of the Congo",23
"2021-06","Denmark",14
"2021-06","Djibouti",1
"2021-06","Dominican Republic",30
"2021-06","Ecuador",29
"2021-06","Egypt",30
"2021-06","El Salvador",28
"2021-06","Equatorial Guinea",2
"2021-06","Eritrea",6
"2021-06","Estonia",11
"2021-06","Eswatini",4
"2021-06","Ethiopia",29
"2021-06","Fiji",9
"2021-06","Finland",8
"2021-06","France",30
"2021-06","Gabon",5
"2021-06","Gambia",2
"2021-06","Georgia",30
"2021-06","Germany",30
"2021-06","Ghana",8
"2021-06","Greece",30
"2021-06","Guatemala",30
"2021-06","Guinea",7
"2021-06","Guinea-Bissau",1
"2021-06","Guyana",28
"2021-06","Honduras",28
"2021-06","Hungary",24
"2021-06","India",30
"2021-06","Indonesia",30
"2021-06","Iran",30
"2021-06","Iraq",30
"2021-06","Ireland",3
"2021-06","Israel",9
"2021-06","Italy",30
"2021-06","Ivory Coast",7
"2021-06","Jamaica",27
"2021-06","Japan",30
"2021-06","Jordan",30
"2021-06","Kazakhstan",4
"2021-06","Kenya",29
"2021-06","Kuwait",30
"2021-06","Kyrgyzstan",30
"2021-06","Latvia",24
"2021-06","Lebanon",27
"2021-06","Lesotho",2
"2021-06","Liberia",9
"2021-06","Libya",23
"2021-06","Lithuania",28
"2021-06","Luxembourg",2
"2021-06","Madagascar",25
"2021-06","Malawi",19
"2021-06","Malaysia",30
"2021-06","Maldives",21
"2021-06","Mali",7
"2021-06","Malta",1
"2021-06","Mauritania",17
"2021-06","Mexico",29
"2021-06","Moldova",29
"2021-06","Montenegro",18
"2021-06","Morocco",30
"2021-06","Mozambique",18
"2021-06","Myanmar (Burma)",26
"2021-06","Namibia",27
"2021-06","Nepal",30
"2021-06","Netherlands",26
"2021-06","Niger",1
"2021-06","Nigeria",4
"2021-06","North Macedonia",19
"2021-06","Norway",5
"2021-06","Oman",22
"2021-06","Pakistan",29
"2021-06","Palestinian Territories",22
"2021-06","Panama",30
"2021-06","Papua New Guinea",4
"2021-06","Paraguay",30
"2021-06","Peru",21
"2021-06","Philippines",30
"2021-06","Poland",29
"2021-06","Portugal",26
"2021-06","Qatar",20
"2021-06","Republic of the Congo",7
"2021-06","Romania",30
"2021-06","Russia",30
"2021-06","Rwanda",25
"2021-06","Sao Tome and Principe",1
"2021-06","Saudi Arabia",29
"2021-06","Senegal",16
"2021-06","Serbia",30
"2021-06","Seychelles",8
"2021-06","Sierra Leone",8
"2021-06","Singapore",3
"2021-06","Slovakia",22
"2021-06","Slovenia",22
"2021-06","Somalia",5
"2021-06","South Africa",30
"2021-06","South Korea",30
"2021-06","South Sudan",2
"2021-06","Spain",22
"2021-06","Sri Lanka",28
"2021-06","St. Kitts & Nevis",3
"2021-06","St. Lucia",2
"2021-06","Sudan",9
"2021-06","Sweden",11
"2021-06","Switzerland",24
"2021-06","Taiwan",30
"2021-06","Thailand",30
"2021-06","Togo",4
"2021-06","Trinidad & Tobago",30
"2021-06","Tunisia",30
"2021-06","Turkey",30
"2021-06","Uganda",27
"2021-06","Ukraine",30
"2021-06","United Arab Emirates",29
"2021-06","United Kingdom",29
"2021-06","United States",30
"2021-06","Uruguay",30
"2021-06","Uzbekistan",24
"2021-06","Venezuela",28
"2021-06","Vietnam",20
"2021-06","Zambia",30
"2021-06","Zimbabwe",27
"2021-07","Afghanistan",31
"2021-07","Albania",1
"2021-07","Algeria",31
"2021-07","Andorra",1
"2021-07","Angola",30
"2021-07","Antigua & Barbuda",1
"2021-07","Argentina",31
"2021-07","Armenia",30
"2021-07","Australia",10
"2021-07","Austria",17
"2021-07","Azerbaijan",23
"2021-07","Bahamas",9
"2021-07","Bahrain",18
"2021-07","Bangladesh",31
"2021-07","Barbados",1
"2021-07","Belarus",31
"2021-07","Belgium",18
"2021-07","Belize",5
"2021-07","Benin",3
"2021-07","Bhutan",1
"2021-07","Bolivia",25
"2021-07","Bosnia & Herzegovina",13
"2021-07","Botswana",9
"2021-07","Brazil",31
"2021-07","Bulgaria",27
"2021-07","Burkina Faso",1
"2021-07","Burundi",1
"2021-07","Cambodia",31
"2021-07","Cameroon",3
"2021-07","Canada",30
"2021-07","Cape Verde",10
"2021-07","Chile",31
"2021-07","China",2
"2021-07","Colombia",31
"2021-07","Comoros",1
"2021-07","Costa Rica",20
"2021-07","Croatia",24
"2021-07","Cuba",31
"2021-07","Cyprus",17
"2021-07","Czechia",17
"2021-07","Democratic Republic of the Congo",15
"2021-07","Denmark",13
"2021-07","Djibouti",1
"2021-07","Dominican Republic",24
"2021-07","Ecuador",26
"2021-07","Egypt",30
"2021-07","El Salvador",31
"2021-07","Equatorial Guinea",2
"2021-07","Eritrea",9
"2021-07","Estonia",3
"2021-07","Eswatini",25
"2021-07","Ethiopia",28
"2021-07","Fiji",30
"2021-07","Finland",13
"2021-07","France",31
"2021-07","Gabon",4
"2021-07","Gambia",8
"2021-07","Georgia",30
"2021-07","Germany",31
"2021-07","Ghana",11
"2021-07","Greece",31
"2021-07","Guatemala",29
"2021-07","Guinea",25
"2021-07","Guinea-Bissau",6
"2021-07","Guyana",23
"2021-07","Honduras",26
"2021-07","Hungary",14
"2021-07","India",31
"2021-07","Indonesia",31
"2021-07","Iran",31
"2021-07","Iraq",31
"2021-07","Ireland",5
"2021-07","Israel",22
"2021-07","Italy",31
"2021-07","Ivory Coast",11
"2021-07","Jamaica",26
"2021-07","Japan",31
"2021-07","Jordan",30
"2021-07","Kazakhstan",4
"2021-07","Kenya",31
"2021-07","Kuwait",31
"2021-07","Kyrgyzstan",31
"2021-07","Latvia",17
"2021-07","Lebanon",31
"2021-07","Lesotho",8
"2021-07","Liberia",7
"2021-07","Libya",25
"2021-07","Lithuania",20
"2021-07","Luxembourg",4
"2021-07","Madagascar",17
"2021-07","Malawi",30
"2021-07","Malaysia",31
"2021-07","Maldives",9
"2021-07","Mali",7
"2021-07","Malta",2
"2021-07","Mauritania",22
"2021-07","Mauritius",2
"2021-07","Mexico",30
"2021-07","Moldova",28
"2021-07","Montenegro",10
"2021-07","Morocco",31
"2021-07","Mozambique",31
"2021-07","Myanmar (Burma)",31
"2021-07","Namibia",31
"2021-07","Nepal",31
"2021-07","Netherlands",28
"2021-07","Niger",2
"2021-07","Nigeria",13
"2021-07","North Macedonia",7
"2021-07","Norway",2
"2021-07","Oman",16
"2021-07","Pakistan",30
"2021-07","Palestinian Territories",17
"2021-07","Panama",31
"2021-07","Papua New Guinea",5
"2021-07","Paraguay",31
"2021-07","Peru",26
"2021-07","Philippines",30
"2021-07","Poland",28
"2021-07","Portugal",30
"2021-07","Qatar",9
"2021-07","Republic of the Congo",7
"2021-07","Romania",31
"2021-07","Russia",31
"2021-07","Rwanda",31
"2021-07","Saudi Arabia",29
"2021-07","Senegal",30
"2021-07","Serbia",28
"2021-07","Seychelles",4
"2021-07","Sierra Leone",16
"2021-07","Singapore",1
"2021-07","Slovakia",15
"2021-07","Slovenia",9
"2021-07","Somalia",10
"2021-07","South Africa",31
"2021-07","South Korea",31
"2021-07","South Sudan",2
"2021-07","Spain",22
"2021-07","Sri Lanka",31
"2021-07","St. Lucia",5
"2021-07","Sudan",3
"2021-07","Sweden",13
"2021-07","Switzerland",11
"2021-07","Taiwan",25
"2021-07","Tajikistan",21
"2021-07","Thailand",31
"2021-07","Togo",13
"2021-07","Trinidad & Tobago",30
"2021-07","Tunisia",30
"2021-07","Turkey",30
"2021-07","Uganda",29
"2021-07","Ukraine",31
"2021-07","United Arab Emirates",31
"2021-07","United Kingdom",31
"2021-07","United States",31
"2021-07","Uruguay",31
"2021-07","Uzbekistan",31
"2021-07","Venezuela",28
"2021-07","Vietnam",22
"2021-07","Zambia",31
"2021-07","Zimbabwe",31
"2021-08","Afghanistan",31
"2021-08","Albania",21
"2021-08","Algeria",31
"2021-08","Andorra",2
"2021-08","Angola",31
"2021-08","Antigua & Barbuda",1
"2021-08","Argentina",31
"2021-08","Armenia",30
"2021-08","Australia",28
"2021-08","Austria",24
"2021-08","Azerbaijan",31
"2021-08","Bahamas",13
"2021-08","Bahrain",4
"2021-08","Bangladesh",31
"2021-08","Barbados",2
"2021-08","Belarus",31
"2021-08","Belgium",21
"2021-08","Belize",13
"2021-08","Benin",6
"2021-08","Bhutan",1
"2021-08","Bolivia",24
"2021-08","Bosnia & Herzegovina",17
"2021-08","Botswana",9
"2021-08","Brazil",31
"2021-08","Brunei",4
"2021-08","Bulgaria",31
"2021-08","Burkina Faso",2
"2021-08","Burundi",1
"2021-08","Cambodia",31
"2021-08","Cameroon",2
"2021-08","Canada",29
"2021-08","Cape Verde",11
"2021-08","Central African Republic",2
"2021-08","Chile",31
"2021-08","Colombia",30
"2021-08","Costa Rica",21
"2021-08","Croatia",28
"2021-08","Cuba",31
"2021-08","Cyprus",29
"2021-08","Czechia",18
"2021-08","Democratic Republic of the Congo",7
"2021-08","Denmark",19
"2021-08","Djibouti",1
"2021-08","Dominica",2
"2021-08","Dominican Republic",14
"2021-08","Ecuador",31
"2021-08","Egypt",31
"2021-08","El Salvador",31
"2021-08","Equatorial Guinea",2
"2021-08","Eritrea",3
"2021-08","Estonia",11
"2021-08","Eswatini",31
"2021-08","Ethiopia",31
"2021-08","Fiji",28
"2021-08","Finland",25
"2021-08","France",31
"2021-08","Gabon",2
"2021-08","Gambia",13
"2021-08","Georgia",31
"2021-08","Germany",31
"2021-08","Ghana",23
"2021-08","Greece",31
"2021-08","Grenada",1
"2021-08","Guatemala",31
"2021-08","Guinea",24
"2021-08","Guinea-Bissau",17
"2021-08","Guyana",23
"2021-08","Honduras",16
"2021-08","Hungary",16
"2021-08","Iceland",3
"2021-08","India",31
"2021-08","Indonesia",31
"2021-08","Iran",31
"2021-08","Iraq",31
"2021-08","Ireland",4
"2021-08","Israel",30
"2021-08","Italy",31
"2021-08","Ivory Coast",25
"2021-08","Jamaica",29
"2021-08","Japan",31
"2021-08","Jordan",28
"2021-08","Kazakhstan",5
"2021-08","Kenya",31
"2021-08","Kuwait",31
"2021-08","Kyrgyzstan",31
"2021-08","Latvia",13
"2021-08","Lebanon",31
"2021-08","Lesotho",7
"2021-08","Liberia",3
"2021-08","Libya",27
"2021-08","Lithuania",28
"2021-08","Luxembourg",6
"2021-08","Madagascar",8
"2021-08","Malawi",31
"2021-08","Malaysia",31
"2021-08","Maldives",4
"2021-08","Mali",7
"2021-08","Malta",14
"2021-08","Mauritania",31
"2021-08","Mauritius",9
"2021-08","Mexico",30
"2021-08","Moldova",30
"2021-08","Montenegro",25
"2021-08","Morocco",31
"2021-08","Mozambique",31
"2021-08","Myanmar (Burma)",31
"2021-08","Namibia",30
"2021-08","Nepal",31
"2021-08","Netherlands",31
"2021-08","Niger",3
"2021-08","Nigeria",27
"2021-08","North Macedonia",29
"2021-08","Norway",8
"2021-08","Oman",22
"2021-08","Pakistan",31
"2021-08","Palestinian Territories",23
"2021-08","Panama",30
"2021-08","Paraguay",31
"2021-08","Peru",26
"2021-08","Philippines",31
"2021-08","Poland",20
"2021-08","Portugal",31
"2021-08","Qatar",1
"2021-08","Republic of the Congo",2
"2021-08","Romania",31
"2021-08","Russia",31
"2021-08","Rwanda",31
"2021-08","Saudi Arabia",8
"2021-08","Senegal",31
"2021-08","Serbia",31
"2021-08","Seychelles",4
"2021-08","Sierra Leone",1
"2021-08","Singapore",14
"2021-08","Slovakia",6
"2021-08","Slovenia",14
"2021-08","Somalia",22
"2021-08","South Africa",31
"2021-08","South Korea",31
"2021-08","South Sudan",1
"2021-08","Spain",22
"2021-08","Sri Lanka",31
"2021-08","St. Lucia",8
"2021-08","Sudan",10
"2021-08","Sweden",11
"2021-08","Switzerland",27
"2021-08","Taiwan",20
"2021-08","Tajikistan",3
"2021-08","Thailand",31
"2021-08","Togo",17
"2021-08","Trinidad & Tobago",30
"2021-08","Tunisia",27
"2021-08","Turkey",30
"2021-08","Uganda",28
"2021-08","Ukraine",31
"2021-08","United Arab Emirates",31
"2021-08","United Kingdom",31
"2021-08","United States",31
"2021-08","Uruguay",26
"2021-08","Uzbekistan",31
"2021-08","Venezuela",24
"2021-08","Vietnam",27
"2021-08","Zambia",30
"2021-08","Zimbabwe",29
"2021-09","Afghanistan",19
"2021-09","Albania",30
"2021-09","Algeria",30
"2021-09","Angola",28
"2021-09","Antigua & Barbuda",9
"2021-09","Argentina",30
"2021-09","Armenia",30
"2021-09","Australia",30
"2021-09","Austria",30
"2021-09","Azerbaijan",21
"2021-09","Bahamas",12
"2021-09","Bahrain",1
"2021-09","Bangladesh",30
"2021-09","Barbados",14
"2021-09","Belarus",29
"2021-09","Belgium",22
"2021-09","Belize",16
"2021-09","Benin",6
"2021-09","Bolivia",26
"2021-09","Bosnia & Herzegovina",22
"2021-09","Botswana",9
"2021-09","Brazil",30
"2021-09","Brunei",20
"2021-09","Bulgaria",30
"2021-09","Burkina Faso",8
"2021-09","Cambodia",30
"2021-09","Cameroon",3
"2021-09","Canada",30
"2021-09","Cape Verde",18
"2021-09","Chile",29
"2021-09","China",1
"2021-09","Colombia",30
"2021-09","Costa Rica",21
"2021-09","Croatia",30
"2021-09","Cuba",30
"2021-09","Cyprus",21
"2021-09","Czechia",21
"2021-09","Democratic Republic of the Congo",4
"2021-09","Denmark",24
"2021-09","Djibouti",3
"2021-09","Dominica",8
"2021-09","Dominican Republic",16
"2021-09","Ecuador",29
"2021-09","Egypt",30
"2021-09","El Salvador",30
"2021-09","Equatorial Guinea",9
"2021-09","Eritrea",3
"2021-09","Estonia",27
"2021-09","Eswatini",27
"2021-09","Ethiopia",30
"2021-09","Fiji",22
"2021-09","Finland",26
"2021-09","France",30
"2021-09","Gabon",11
"2021-09","Gambia",8
"2021-09","Georgia",30
"2021-09","Germany",30
"2021-09","Ghana",18
"2021-09","Greece",30
"2021-09","Grenada",20
"2021-09","Guatemala",30
"2021-09","Guinea",17
"2021-09","Guinea-Bissau",9
"2021-09","Guyana",27
"2021-09","Honduras",18
"2021-09","Hungary",22
"2021-09","India",30
"2021-09","Indonesia",29
"2021-09","Iran",30
"2021-09","Iraq",30
"2021-09","Ireland",5
"2021-09","Israel",27
"2021-09","Italy",30
"2021-09","Ivory Coast",30
"2021-09","Jamaica",30
"2021-09","Japan",30
"2021-09","Jordan",26
"2021-09","Kazakhstan",6
"2021-09","Kenya",30
"2021-09","Kuwait",29
"2021-09","Kyrgyzstan",29
"2021-09","Latvia",28
"2021-09","Lebanon",30
"2021-09","Liberia",3
"2021-09","Libya",26
"2021-09","Lithuania",30
"2021-09","Luxembourg",4
"2021-09","Madagascar",2
"2021-09","Malawi",29
"2021-09","Malaysia",30
"2021-09","Maldives",4
"2021-09","Mali",7
"2021-09","Malta",12
"2021-09","Mauritania",21
"2021-09","Mauritius",19
"2021-09","Mexico",27
"2021-09","Moldova",30
"2021-09","Montenegro",30
"2021-09","Morocco",30
"2021-09","Mozambique",23
"2021-09","Myanmar (Burma)",30
"2021-09","Namibia",24
"2021-09","Nepal",30
"2021-09","Netherlands",30
"2021-09","New Zealand",1
"2021-09","Niger",2
"2021-09","Nigeria",29
"2021-09","North Macedonia",30
"2021-09","Norway",9
"2021-09","Oman",13
"2021-09","Pakistan",29
"2021-09","Palestinian Territories",30
"2021-09","Panama",28
"2021-09","Papua New Guinea",8
"2021-09","Paraguay",25
"2021-09","Peru",27
"2021-09","Philippines",27
"2021-09","Poland",24
"2021-09","Portugal",30
"2021-09","Qatar",4
"2021-09","Republic of the Congo",2
"2021-09","Romania",30
"2021-09","Russia",30
"2021-09","Rwanda",29
"2021-09","San Marino",1
"2021-09","Sao Tome and Principe",9
"2021-09","Saudi Arabia",14
"2021-09","Senegal",24
"2021-09","Serbia",30
"2021-09","Seychelles",4
"2021-09","Singapore",16
"2021-09","Slovakia",19
"2021-09","Slovenia",26
"2021-09","Somalia",13
"2021-09","South Africa",29
"2021-09","South Korea",30
"2021-09","South Sudan",3
"2021-09","Spain",22
"2021-09","Sri Lanka",29
"2021-09","St. Kitts & Nevis",9
"2021-09","St. Lucia",18
"2021-09","St. Vincent & Grenadines",7
"2021-09","Sudan",10
"2021-09","Sweden",15
"2021-09","Switzerland",26
"2021-09","Taiwan",7
"2021-09","Thailand",30
"2021-09","Togo",22
"2021-09","Trinidad & Tobago",29
"2021-09","Tunisia",26
"2021-09","Turkey",30
"2021-09","Uganda",30
"2021-09","Ukraine",30
"2021-09","United Arab Emirates",27
"2021-09","United Kingdom",30
"2021-09","United States",30
"2021-09","Uruguay",15
"2021-09","Uzbekistan",30
"2021-09","Venezuela",23
"2021-09","Vietnam",30
"2021-09","Zambia",24
"2021-09","Zimbabwe",28
"2021-10","Afghanistan",24
"2021-10","Albania",30
"2021-10","Algeria",31
"2021-10","Angola",30
"2021-10","Antigua & Barbuda",11
"2021-10","Argentina",31
"2021-10","Armenia",31
"2021-10","Australia",31
"2021-10","Austria",31
"2021-10","Azerbaijan",29
"2021-10","Bahamas",9
"2021-10","Bahrain",4
"2021-10","Bangladesh",31
"2021-10","Barbados",28
"2021-10","Belarus",31
"2021-10","Belgium",21
"2021-10","Belize",16
"2021-10","Benin",1
"2021-10","Bolivia",23
"2021-10","Bosnia & Herzegovina",21
"2021-10","Botswana",8
"2021-10","Brazil",31
"2021-10","Brunei",20
"2021-10","Bulgaria",31
"2021-10","Burkina Faso",7
"2021-10","Cambodia",31
"2021-10","Cameroon",4
"2021-10","Canada",31
"2021-10","Cape Verde",6
"2021-10","Chile",30
"2021-10","Colombia",31
"2021-10","Costa Rica",20
"2021-10","Croatia",31
"2021-10","Cuba",30
"2021-10","Cyprus",15
"2021-10","Czechia",30
"2021-10","Democratic Republic of the Congo",4
"2021-10","Denmark",23
"2021-10","Djibouti",8
"2021-10","Dominica",10
"2021-10","Dominican Republic",24
"2021-10","Ecuador",22
"2021-10","Egypt",31
"2021-10","El Salvador",31
"2021-10","Equatorial Guinea",8
"2021-10","Eritrea",3
"2021-10","Estonia",29
"2021-10","Eswatini",15
"2021-10","Ethiopia",31
"2021-10","Fiji",11
"2021-10","Finland",31
"2021-10","France",31
"2021-10","Gabon",13
"2021-10","Gambia",2
"2021-10","Georgia",31
"2021-10","Germany",31
"2021-10","Ghana",9
"2021-10","Greece",31
"2021-10","Grenada",17
"2021-10","Guatemala",31
"2021-10","Guinea",3
"2021-10","Guinea-Bissau",1
"2021-10","Guyana",28
"2021-10","Honduras",16
"2021-10","Hungary",21
"2021-10","India",31
"2021-10","Indonesia",31
"2021-10","Iran",31
"2021-10","Iraq",31
"2021-10","Ireland",4
"2021-10","Israel",30
"2021-10","Italy",31
"2021-10","Ivory Coast",20
"2021-10","Jamaica",31
"2021-10","Japan",31
"2021-10","Jordan",30
"2021-10","Kazakhstan",20
"2021-10","Kenya",29
"2021-10","Kuwait",12
"2021-10","Kyrgyzstan",28
"2021-10","Latvia",31
"2021-10","Lebanon",31
"2021-10","Lesotho",10
"2021-10","Liberia",1
"2021-10","Libya",26
"2021-10","Lithuania",31
"2021-10","Luxembourg",7
"2021-10","Madagascar",2
"2021-10","Malawi",15
"2021-10","Malaysia",31
"2021-10","Maldives",10
"2021-10","Mali",13
"2021-10","Malta",4
"2021-10","Mauritania",17
"2021-10","Mauritius",16
"2021-10","Mexico",26
"2021-10","Moldova",30
"2021-10","Montenegro",31
"2021-10","Morocco",31
"2021-10","Mozambique",11
"2021-10","Myanmar (Burma)",31
"2021-10","Namibia",18
"2021-10","Nepal",31
"2021-10","Netherlands",31
"2021-10","New Zealand",1
"2021-10","Niger",9
"2021-10","Nigeria",22
"2021-10","North Macedonia",30
"2021-10","Norway",6
"2021-10","Oman",9
"2021-10","Pakistan",31
"2021-10","Palestinian Territories",23
"2021-10","Panama",22
"2021-10","Papua New Guinea",15
"2021-10","Paraguay",16
"2021-10","Peru",29
"2021-10","Philippines",29
"2021-10","Poland",28
"2021-10","Portugal",31
"2021-10","Qatar",4
"2021-10","Republic of the Congo",9
"2021-10","Romania",31
"2021-10","Russia",31
"2021-10","Rwanda",22
"2021-10","San Marino",1
"2021-10","Sao Tome and Principe",5
"2021-10","Saudi Arabia",27
"2021-10","Senegal",13
"2021-10","Serbia",31
"2021-10","Seychelles",3
"2021-10","Singapore",31
"2021-10","Slovakia",29
"2021-10","Slovenia",31
"2021-10","Somalia",4
"2021-10","South Africa",31
"2021-10","South Korea",31
"2021-10","South Sudan",1
"2021-10","Spain",20
"2021-10","Sri Lanka",31
"2021-10","St. Kitts & Nevis",7
"2021-10","St. Lucia",17
"2021-10","St. Vincent & Grenadines",14
"2021-10","Sudan",9
"2021-10","Sweden",17
"2021-10","Switzerland",22
"2021-10","Taiwan",5
"2021-10","Thailand",31
"2021-10","Togo",10
"2021-10","Trinidad & Tobago",31
"2021-10","Tunisia",26
"2021-10","Turkey",31
"2021-10","Uganda",24
"2021-10","Ukraine",31
"2021-10","United Arab Emirates",24
"2021-10","United Kingdom",31
"2021-10","United States",31
"2021-10","Uruguay",18
"2021-10","Uzbekistan",31
"2021-10","Venezuela",25
"2021-10","Vietnam",31
"2021-10","Zambia",10
"2021-10","Zimbabwe",22
"2021-11","Afghanistan",17
"2021-11","Albania",28
"2021-11","Algeria",30
"2021-11","Andorra",1
"2021-11","Angola",15
"2021-11","Antigua & Barbuda",6
"2021-11","Argentina",30
"2021-11","Armenia",30
"2021-11","Australia",30
"2021-11","Austria",30
"2021-11","Azerbaijan",30
"2021-11","Bahamas",5
"2021-11","Bahrain",1
"2021-11","Bangladesh",28
"2021-11","Barbados",26
"2021-11","Belarus",30
"2021-11","Belgium",18
"2021-11","Belize",16
"2021-11","Bolivia",23
"2021-11","Bosnia & Herzegovina",21
"2021-11","Botswana",5
"2021-11","Brazil",30
"2021-11","Brunei",6
"2021-11","Bulgaria",30
"2021-11","Burkina Faso",5
"2021-11","Cambodia",29
"2021-11","Cameroon",4
"2021-11","Canada",30
"2021-11","Cape Verde",1
"2021-11","Central African Republic",1
"2021-11","Chad",1
"2021-11","Chile",30
"2021-11","Colombia",30
"2021-11","Comoros",3
"2021-11","Costa Rica",20
"2021-11","Croatia",30
"2021-11","Cuba",24
"2021-11","Cyprus",9
"2021-11","Czechia",30
"2021-11","Democratic Republic of the Congo",4
"2021-11","Denmark",29
"2021-11","Djibouti",3
"2021-11","Dominica",5
"2021-11","Dominican Republic",24
"2021-11","Ecuador",24
"2021-11","Egypt",29
"2021-11","El Salvador",29
"2021-11","Equatorial Guinea",5
"2021-11","Eritrea",11
"2021-11","Estonia",30
"2021-11","Eswatini",5
"2021-11","Ethiopia",30
"2021-11","Fiji",5
"2021-11","Finland",30
"2021-11","France",30
"2021-11","Gabon",12
"2021-11","Gambia",2
"2021-11","Georgia",30
"2021-11","Germany",30
"2021-11","Ghana",7
"2021-11","Greece",30
"2021-11","Grenada",1
"2021-11","Guatemala",29
"2021-11","Guinea",1
"2021-11","Guinea-Bissau",4
"2021-11","Guyana",25
"2021-11","Honduras",14
"2021-11","Hungary",22
"2021-11","Iceland",2
"2021-11","India",30
"2021-11","Indonesia",30
"2021-11","Iran",30
"2021-11","Iraq",30
"2021-11","Ireland",4
"2021-11","Israel",23
"2021-11","Italy",30
"2021-11","Ivory Coast",7
"2021-11","Jamaica",29
"2021-11","Japan",26
"2021-11","Jordan",27
"2021-11","Kazakhstan",22
"2021-11","Kenya",16
"2021-11","Kuwait",4
"2021-11","Kyrgyzstan",29
"2021-11","Latvia",30
"2021-11","Lebanon",29
"2021-11","Lesotho",4
"2021-11","Libya",26
"2021-11","Lithuania",30
"2021-11","Luxembourg",12
"2021-11","Madagascar",2
"2021-11","Malawi",5
"2021-11","Malaysia",30
"2021-11","Maldives",6
"2021-11","Mali",23
"2021-11","Malta",5
"2021-11","Mauritania",19
"2021-11","Mauritius",22
"2021-11","Mexico",22
"2021-11","Moldova",30
"2021-11","Montenegro",30
"2021-11","Morocco",27
"2021-11","Mozambique",9
"2021-11","Myanmar (Burma)",30
"2021-11","Namibia",15
"2021-11","Nepal",30
"2021-11","Netherlands",30
"2021-11","New Zealand",13
"2021-11","Niger",18
"2021-11","Nigeria",17
"2021-11","North Macedonia",30
"2021-11","Norway",18
"2021-11","Oman",2
"2021-11","Pakistan",29
"2021-11","Palestinian Territories",21
"2021-11","Panama",21
"2021-11","Papua New Guinea",14
"2021-11","Paraguay",21
"2021-11","Peru",28
"2021-11","Philippines",30
"2021-11","Poland",30
"2021-11","Portugal",30
"2021-11","Qatar",1
"2021-11","Republic of the Congo",8
"2021-11","Romania",30
"2021-11","Russia",30
"2021-11","Rwanda",9
"2021-11","San Marino",1
"2021-11","Saudi Arabia",30
"2021-11","Senegal",5
"2021-11","Serbia",30
"2021-11","Seychelles",2
"2021-11","Singapore",29
"2021-11","Slovakia",30
"2021-11","Slovenia",30
"2021-11","Somalia",4
"2021-11","South Africa",30
"2021-11","South Korea",30
"2021-11","Spain",20
"2021-11","Sri Lanka",30
"2021-11","St. Kitts & Nevis",3
"2021-11","St. Lucia",12
"2021-11","St. Vincent & Grenadines",5
"2021-11","Sudan",4
"2021-11","Sweden",16
"2021-11","Switzerland",26
"2021-11","Taiwan",1
"2021-11","Thailand",30
"2021-11","Togo",1
"2021-11","Trinidad & Tobago",30
"2021-11","Tunisia",27
"2021-11","Turkey",30
"2021-11","Uganda",20
"2021-11","Ukraine",30
"2021-11","United Arab Emirates",10
"2021-11","United Kingdom",30
"2021-11","United States",30
"2021-11","Uruguay",24
"2021-11","Uzbekistan",29
"2021-11","Venezuela",24
"2021-11","Vietnam",30
"2021-11","Zambia",5
"2021-11","Zimbabwe",16
"2021-12","Afghanistan",23
"2021-12","Albania",29
"2021-12","Algeria",31
"2021-12","Andorra",7
"2021-12","Angola",12
"2021-12","Antigua & Barbuda",2
"2021-12","Argentina",31
"2021-12","Armenia",30
"2021-12","Australia",30
"2021-12","Austria",31
"2021-12","Azerbaijan",31
"2021-12","Bahamas",8
"2021-12","Bangladesh",29
"2021-12","Barbados",15
"2021-12","Belarus",31
"2021-12","Belgium",23
"2021-12","Belize",9
"2021-12","Bolivia",26
"2021-12","Bosnia & Herzegovina",23
"2021-12","Botswana",8
"2021-12","Brazil",31
"2021-12","Brunei",1
"2021-12","Bulgaria",30
"2021-12","Burkina Faso",4
"2021-12","Cambodia",26
"2021-12","Cameroon",6
"2021-12","Canada",31
"2021-12","Cape Verde",3
"2021-12","Chad",1
"2021-12","Chile",30
"2021-12","Colombia",30
"2021-12","Comoros",6
"2021-12","Costa Rica",12
"2021-12","Croatia",31
"2021-12","Cuba",14
"2021-12","Cyprus",24
"2021-12","Czechia",27
"2021-12","Democratic Republic of the Congo",5
"2021-12","Denmark",29
"2021-12","Djibouti",3
"2021-12","Dominica",5
"2021-12","Dominican Republic",14
"2021-12","Ecuador",29
"2021-12","Egypt",30
"2021-12","El Salvador",27
"2021-12","Eritrea",13
"2021-12","Estonia",29
"2021-12","Eswatini",18
"2021-12","Ethiopia",30
"2021-12","Fiji",2
"2021-12","Finland",31
"2021-12","France",31
"2021-12","Gabon",6
"2021-12","Gambia",1
"2021-12","Georgia",31
"2021-12","Germany",31
"2021-12","Ghana",14
"2021-12","Greece",31
"2021-12","Guatemala",31
"2021-12","Guinea",3
"2021-12","Guinea-Bissau",1
"2021-12","Guyana",25
"2021-12","Honduras",6
"2021-12","Hungary",22
"2021-12","Iceland",2
"2021-12","India",29
"2021-12","Indonesia",30
"2021-12","Iran",31
"2021-12","Iraq",31
"2021-12","Ireland",5
"2021-12","Israel",14
"2021-12","Italy",31
"2021-12","Ivory Coast",6
"2021-12","Jamaica",25
"2021-12","Japan",20
"2021-12","Jordan",30
"2021-12","Kazakhstan",20
"2021-12","Kenya",18
"2021-12","Kuwait",3
"2021-12","Kyrgyzstan",26
"2021-12","Latvia",31
"2021-12","Lebanon",31
"2021-12","Lesotho",3
"2021-12","Libya",27
"2021-12","Lithuania",31
"2021-12","Luxembourg",19
"2021-12","Madagascar",4
"2021-12","Malawi",15
"2021-12","Malaysia",31
"2021-12","Maldives",11
"2021-12","Mali",24
"2021-12","Malta",6
"2021-12","Mauritania",20
"2021-12","Mauritius",12
"2021-12","Mexico",24
"2021-12","Moldova",31
"2021-12","Montenegro",29
"2021-12","Morocco",26
"2021-12","Mozambique",17
"2021-12","Myanmar (Burma)",30
"2021-12","Namibia",17
"2021-12","Nepal",29
"2021-12","Netherlands",31
"2021-12","New Zealand",6
"2021-12","Niger",12
"2021-12","Nigeria",13
"2021-12","North Macedonia",31
"2021-12","Norway",14
"2021-12","Oman",2
"2021-12","Pakistan",30
"2021-12","Palestinian Territories",18
"2021-12","Panama",21
"2021-12","Papua New Guinea",6
"2021-12","Paraguay",17
"2021-12","Peru",26
"2021-12","Philippines",31
"2021-12","Poland",31
"2021-12","Portugal",31
"2021-12","Qatar",7
"2021-12","Republic of the Congo",3
"2021-12","Romania",30
"2021-12","Russia",31
"2021-12","Rwanda",8
"2021-12","San Marino",7
"2021-12","Sao Tome and Principe",1
"2021-12","Saudi Arabia",31
"2021-12","Senegal",2
"2021-12","Serbia",30
"2021-12","Seychelles",4
"2021-12","Sierra Leone",1
"2021-12","Singapore",29
"2021-12","Slovakia",31
"2021-12","Slovenia",31
"2021-12","Somalia",2
"2021-12","South Africa",31
"2021-12","South Korea",31
"2021-12","South Sudan",1
"2021-12","Spain",20
"2021-12","Sri Lanka",31
"2021-12","St. Lucia",6
"2021-12","St. Vincent & Grenadines",4
"2021-12","Sudan",11
"2021-12","Sweden",17
"2021-12","Switzerland",28
"2021-12","Taiwan",2
"2021-12","Thailand",31
"2021-12","Togo",4
"2021-12","Trinidad & Tobago",30
"2021-12","Tunisia",26
"2021-12","Turkey",29
"2021-12","Uganda",20
"2021-12","Ukraine",31
"2021-12","United Arab Emirates",12
"2021-12","United Kingdom",31
"2021-12","United States",31
"2021-12","Uruguay",25
"2021-12","Uzbekistan",29
"2021-12","Venezuela",25
"2021-12","Vietnam",31
"2021-12","Zambia",19
"2021-12","Zimbabwe",24
"2022-01","Afghanistan",22
"2022-01","Albania",25
"2022-01","Algeria",31
"2022-01","Andorra",4
"2022-01","Angola",27
"2022-01","Antigua & Barbuda",5
"2022-01","Argentina",31
"2022-01","Armenia",26
"2022-01","Australia",31
"2022-01","Austria",29
"2022-01","Azerbaijan",31
"2022-01","Bahamas",8
"2022-01","Bahrain",10
"2022-01","Bangladesh",31
"2022-01","Barbados",16
"2022-01","Belarus",31
"2022-01","Belgium",20
"2022-01","Belize",9
"2022-01","Benin",2
"2022-01","Bhutan",1
"2022-01","Bolivia",24
"2022-01","Bosnia & Herzegovina",19
"2022-01","Botswana",9
"2022-01","Brazil",29
"2022-01","Bulgaria",31
"2022-01","Burkina Faso",4
"2022-01","Cambodia",3
"2022-01","Cameroon",3
"2022-01","Canada",31
"2022-01","Cape Verde",22
"2022-01","Central African Republic",4
"2022-01","Chad",3
"2022-01","Chile",31
"2022-01","Colombia",31
"2022-01","Comoros",4
"2022-01","Costa Rica",19
"2022-01","Croatia",31
"2022-01","Cuba",26
"2022-01","Cyprus",23
"2022-01","Czechia",30
"2022-01","Democratic Republic of the Congo",2
"2022-01","Denmark",31
"2022-01","Dominica",3
"2022-01","Dominican Republic",20
"2022-01","Ecuador",30
"2022-01","Egypt",31
"2022-01","El Salvador",21
"2022-01","Equatorial Guinea",5
"2022-01","Eritrea",18
"2022-01","Estonia",28
"2022-01","Eswatini",25
"2022-01","Ethiopia",31
"2022-01","Fiji",14
"2022-01","Finland",24
"2022-01","France",31
"2022-01","Gabon",6
"2022-01","Gambia",3
"2022-01","Georgia",31
"2022-01","Germany",31
"2022-01","Ghana",20
"2022-01","Greece",31
"2022-01","Grenada",7
"2022-01","Guatemala",30
"2022-01","Guinea",10
"2022-01","Guinea-Bissau",5
"2022-01","Guyana",27
"2022-01","Honduras",7
"2022-01","Hungary",21
"2022-01","Iceland",6
"2022-01","India",31
"2022-01","Indonesia",31
"2022-01","Iran",31
"2022-01","Iraq",31
"2022-01","Ireland",4
"2022-01","Israel",24
"2022-01","Italy",31
"2022-01","Ivory Coast",23
"2022-01","Jamaica",29
"2022-01","Japan",29
"2022-01","Jordan",31
"2022-01","Kazakhstan",19
"2022-01","Kenya",27
"2022-01","Kuwait",22
"2022-01","Kyrgyzstan",28
"2022-01","Latvia",30
"2022-01","Lebanon",31
"2022-01","Lesotho",9
"2022-01","Liberia",3
"2022-01","Libya",26
"2022-01","Lithuania",31
"2022-01","Luxembourg",17
"2022-01","Madagascar",5
"2022-01","Malawi",31
"2022-01","Malaysia",31
"2022-01","Maldives",10
"2022-01","Mali",19
"2022-01","Malta",26
"2022-01","Mauritania",29
"2022-01","Mauritius",1
"2022-01","Mexico",25
"2022-01","Moldova",30
"2022-01","Montenegro",30
"2022-01","Morocco",31
"2022-01","Mozambique",31
"2022-01","Myanmar (Burma)",23
"2022-01","Namibia",27
"2022-01","Nepal",27
"2022-01","Netherlands",31
"2022-01","New Zealand",2
"2022-01","Niger",13
"2022-01","Nigeria",22
"2022-01","North Macedonia",31
"2022-01","Norway",13
"2022-01","Oman",12
"2022-01","Pakistan",31
"2022-01","Palestinian Territories",16
"2022-01","Panama",26
"2022-01","Papua New Guinea",4
"2022-01","Paraguay",16
"2022-01","Peru",28
"2022-01","Philippines",31
"2022-01","Poland",31
"2022-01","Portugal",31
"2022-01","Qatar",17
"2022-01","Republic of the Congo",3
"2022-01","Romania",31
"2022-01","Russia",31
"2022-01","Rwanda",25
"2022-01","San Marino",7
"2022-01","Sao Tome and Principe",9
"2022-01","Saudi Arabia",31
"2022-01","Senegal",24
"2022-01","Serbia",29
"2022-01","Seychelles",5
"2022-01","Sierra Leone",2
"2022-01","Singapore",18
"2022-01","Slovakia",31
"2022-01","Slovenia",31
"2022-01","Somalia",1
"2022-01","South Africa",29
"2022-01","South Korea",31
"2022-01","South Sudan",2
"2022-01","Spain",20
"2022-01","Sri Lanka",31
"2022-01","St. Kitts & Nevis",1
"2022-01","St. Lucia",10
"2022-01","St. Vincent & Grenadines",9
"2022-01","Sudan",10
"2022-01","Sweden",15
"2022-01","Switzerland",28
"2022-01","Taiwan",1
"2022-01","Thailand",31
"2022-01","Togo",12
"2022-01","Trinidad & Tobago",31
"2022-01","Tunisia",28
"2022-01","Turkey",30
"2022-01","Uganda",30
"2022-01","Ukraine",31
"2022-01","United Arab Emirates",27
"2022-01","United Kingdom",31
"2022-01","United States",31
"2022-01","Uruguay",31
"2022-01","Uzbekistan",24
"2022-01","Venezuela",25
"2022-01","Vietnam",30
"2022-01","Zambia",31
"2022-01","Zimbabwe",25
"2022-02","Afghanistan",27
"2022-02","Albania",23
"2022-02","Algeria",28
"2022-02","Andorra",6
"2022-02","Angola",5
"2022-02","Antigua & Barbuda",3
"2022-02","Argentina",28
"2022-02","Armenia",28
"2022-02","Australia",28
"2022-02","Austria",27
"2022-02","Azerbaijan",27
"2022-02","Bahamas",9
"2022-02","Bahrain",23
"2022-02","Bangladesh",28
"2022-02","Barbados",19
"2022-02","Belarus",28
"2022-02","Belgium",20
"2022-02","Belize",10
"2022-02","Bhutan",2
"2022-02","Bolivia",22
"2022-02","Bosnia & Herzegovina",20
"2022-02","Botswana",7
"2022-02","Brazil",28
"2022-02","Brunei",7
"2022-02","Bulgaria",28
"2022-02","Burkina Faso",3
"2022-02","Cambodia",7
"2022-02","Cameroon",4
"2022-02","Canada",28
"2022-02","Cape Verde",4
"2022-02","Central African Republic",2
"2022-02","Chile",28
"2022-02","China",18
"2022-02","Colombia",28
"2022-02","Costa Rica",20
"2022-02","Croatia",28
"2022-02","Cuba",21
"2022-02","Cyprus",24
"2022-02","Czechia",25
"2022-02","Democratic Republic of the Congo",2
"2022-02","Denmark",28
"2022-02","Dominica",4
"2022-02","Dominican Republic",21
"2022-02","Ecuador",13
"2022-02","Egypt",27
"2022-02","El Salvador",26
"2022-02","Eritrea",5
"2022-02","Estonia",28
"2022-02","Eswatini",12
"2022-02","Ethiopia",27
"2022-02","Fiji",11
"2022-02","Finland",17
"2022-02","France",26
"2022-02","Gabon",2
"2022-02","Gambia",2
"2022-02","Georgia",28
"2022-02","Germany",28
"2022-02","Ghana",10
"2022-02","Greece",28
"2022-02","Grenada",5
"2022-02","Guatemala",27
"2022-02","Guinea",7
"2022-02","Guinea-Bissau",6
"2022-02","Guyana",20
"2022-02","Honduras",4
"2022-02","Hungary",20
"2022-02","Iceland",11
"2022-02","India",28
"2022-02","Indonesia",28
"2022-02","Iran",28
"2022-02","Iraq",28
"2022-02","Ireland",12
"2022-02","Israel",28
"2022-02","Italy",28
"2022-02","Ivory Coast",6
"2022-02","Jamaica",26
"2022-02","Japan",28
"2022-02","Jordan",28
"2022-02","Kazakhstan",20
"2022-02","Kenya",14
"2022-02","Kuwait",28
"2022-02","Kyrgyzstan",25
"2022-02","Latvia",28
"2022-02","Lebanon",28
"2022-02","Lesotho",3
"2022-02","Liberia",1
"2022-02","Libya",24
"2022-02","Lithuania",28
"2022-02","Luxembourg",15
"2022-02","Madagascar",4
"2022-02","Malawi",24
"2022-02","Malaysia",28
"2022-02","Maldives",18
"2022-02","Mali",5
"2022-02","Malta",22
"2022-02","Mauritania",14
"2022-02","Mauritius",4
"2022-02","Mexico",23
"2022-02","Moldova",28
"2022-02","Montenegro",27
"2022-02","Morocco",28
"2022-02","Mozambique",10
"2022-02","Myanmar (Burma)",15
"2022-02","Namibia",18
"2022-02","Nepal",28
"2022-02","Netherlands",26
"2022-02","New Zealand",1
"2022-02","Niger",5
"2022-02","Nigeria",3
"2022-02","North Macedonia",28
"2022-02","Norway",6
"2022-02","Oman",18
"2022-02","Pakistan",28
"2022-02","Palestinian Territories",17
"2022-02","Panama",22
"2022-02","Papua New Guinea",4
"2022-02","Paraguay",22
"2022-02","Peru",25
"2022-02","Philippines",26
"2022-02","Poland",28
"2022-02","Portugal",28
"2022-02","Qatar",15
"2022-02","Republic of the Congo",3
"2022-02","Romania",28
"2022-02","Russia",28
"2022-02","Rwanda",11
"2022-02","San Marino",2
"2022-02","Sao Tome and Principe",3
"2022-02","Saudi Arabia",28
"2022-02","Senegal",9
"2022-02","Serbia",27
"2022-02","Seychelles",4
"2022-02","Singapore",27
"2022-02","Slovakia",28
"2022-02","Slovenia",28
"2022-02","Somalia",3
"2022-02","South Africa",27
"2022-02","South Korea",28
"2022-02","Spain",18
"2022-02","Sri Lanka",28
"2022-02","St. Kitts & Nevis",5
"2022-02","St. Lucia",9
"2022-02","St. Vincent & Grenadines",8
"2022-02","Sudan",13
"2022-02","Sweden",16
"2022-02","Switzerland",25
"2022-02","Taiwan",2
"2022-02","Thailand",27
"2022-02","Togo",4
"2022-02","Trinidad & Tobago",27
"2022-02","Tunisia",25
"2022-02","Turkey",28
"2022-02","Uganda",15
"2022-02","Ukraine",24
"2022-02","United Arab Emirates",26
"2022-02","United Kingdom",26
"2022-02","United States",28
"2022-02","Uruguay",28
"2022-02","Uzbekistan",28
"2022-02","Venezuela",23
"2022-02","Vietnam",26
"2022-02","Zambia",20
"2022-02","Zimbabwe",17
"2022-03","Afghanistan",24
"2022-03","Albania",13
"2022-03","Algeria",20
"2022-03","Andorra",3
"2022-03","Argentina",31
"2022-03","Armenia",29
"2022-03","Australia",31
"2022-03","Austria",30
"2022-03","Azerbaijan",30
"2022-03","Bahamas",4
"2022-03","Bahrain",14
"2022-03","Bangladesh",20
"2022-03","Barbados",11
"2022-03","Belarus",31
"2022-03","Belgium",18
"2022-03","Belize",3
"2022-03","Bhutan",3
"2022-03","Bolivia",18
"2022-03","Bosnia & Herzegovina",23
"2022-03","Botswana",1
"2022-03","Brazil",31
"2022-03","Brunei",27
"2022-03","Bulgaria",31
"2022-03","Burkina Faso",3
"2022-03","Cambodia",16
"2022-03","Cameroon",2
"2022-03","Canada",30
"2022-03","Chad",1
"2022-03","Chile",30
"2022-03","China",31
"2022-03","Colombia",30
"2022-03","Costa Rica",21
"2022-03","Croatia",30
"2022-03","Cuba",14
"2022-03","Cyprus",27
"2022-03","Czechia",29
"2022-03","Democratic Republic of the Congo",1
"2022-03","Denmark",28
"2022-03","Dominica",3
"2022-03","Dominican Republic",6
"2022-03","Ecuador",10
"2022-03","Egypt",13
"2022-03","El Salvador",25
"2022-03","Equatorial Guinea",1
"2022-03","Estonia",29
"2022-03","Eswatini",4
"2022-03","Ethiopia",14
"2022-03","Finland",19
"2022-03","France",31
"2022-03","Georgia",31
"2022-03","Germany",31
"2022-03","Ghana",2
"2022-03","Greece",31
"2022-03","Grenada",2
"2022-03","Guatemala",31
"2022-03","Guinea-Bissau",3
"2022-03","Guyana",5
"2022-03","Honduras",11
"2022-03","Hungary",21
"2022-03","Iceland",16
"2022-03","India",31
"2022-03","Indonesia",29
"2022-03","Iran",31
"2022-03","Iraq",31
"2022-03","Ireland",21
"2022-03","Israel",22
"2022-03","Italy",31
"2022-03","Ivory Coast",3
"2022-03","Jamaica",27
"2022-03","Japan",31
"2022-03","Jordan",5
"2022-03","Kazakhstan",19
"2022-03","Kenya",7
"2022-03","Kuwait",13
"2022-03","Kyrgyzstan",22
"2022-03","Latvia",31
"2022-03","Lebanon",31
"2022-03","Lesotho",1
"2022-03","Libya",27
"2022-03","Lithuania",28
"2022-03","Luxembourg",18
"2022-03","Madagascar",4
"2022-03","Malawi",7
"2022-03","Malaysia",31
"2022-03","Maldives",1
"2022-03","Mali",4
"2022-03","Malta",20
"2022-03","Mauritania",3
"2022-03","Mauritius",2
"2022-03","Mexico",24
"2022-03","Moldova",30
"2022-03","Montenegro",14
"2022-03","Morocco",25
"2022-03","Mozambique",8
"2022-03","Myanmar (Burma)",24
"2022-03","Namibia",9
"2022-03","Nepal",9
"2022-03","Netherlands",30
"2022-03","New Zealand",22
"2022-03","Niger",1
"2022-03","North Macedonia",31
"2022-03","Norway",7
"2022-03","Oman",4
"2022-03","Pakistan",29
"2022-03","Palestinian Territories",15
"2022-03","Panama",25
"2022-03","Papua New Guinea",2
"2022-03","Paraguay",27
"2022-03","Peru",26
"2022-03","Philippines",29
"2022-03","Poland",31
"2022-03","Portugal",14
"2022-03","Qatar",6
"2022-03","Republic of the Congo",3
"2022-03","Romania",31
"2022-03","Russia",31
"2022-03","Rwanda",2
"2022-03","San Marino",1
"2022-03","Sao Tome and Principe",1
"2022-03","Saudi Arabia",31
"2022-03","Senegal",4
"2022-03","Serbia",31
"2022-03","Seychelles",1
"2022-03","Singapore",31
"2022-03","Slovakia",31
"2022-03","Slovenia",31
"2022-03","Somalia",2
"2022-03","South Africa",29
"2022-03","South Korea",31
"2022-03","South Sudan",1
"2022-03","Spain",13
"2022-03","Sri Lanka",30
"2022-03","St. Kitts & Nevis",1
"2022-03","St. Lucia",4
"2022-03","Sudan",15
"2022-03","Sweden",14
"2022-03","Switzerland",26
"2022-03","Thailand",30
"2022-03","Trinidad & Tobago",30
"2022-03","Tunisia",15
"2022-03","Turkey",31
"2022-03","Uganda",6
"2022-03","United Arab Emirates",1
"2022-03","United Kingdom",23
"2022-03","United States",31
"2022-03","Uruguay",30
"2022-03","Uzbekistan",2
"2022-03","Venezuela",23
"2022-03","Vietnam",30
"2022-03","Zambia",12
"2022-03","Zimbabwe",18
"2022-04","Afghanistan",7
"2022-04","Albania",4
"2022-04","Argentina",16
"2022-04","Armenia",6
"2022-04","Australia",23
"2022-04","Austria",23
"2022-04","Azerbaijan",10
"2022-04","Bahamas",1
"2022-04","Bahrain",4
"2022-04","Bangladesh",4
"2022-04","Barbados",9
"2022-04","Belarus",22
"2022-04","Belgium",6
"2022-04","Belize",5
"2022-04","Bhutan",9
"2022-04","Bolivia",10
"2022-04","Bosnia & Herzegovina",13
"2022-04","Botswana",1
"2022-04","Brazil",23
"2022-04","Brunei",7
"2022-04","Bulgaria",23
"2022-04","Burkina Faso",1
"2022-04","Cambodia",2
"2022-04","Canada",18
"2022-04","Chad",2
"2022-04","Chile",23
"2022-04","China",23
"2022-04","Colombia",23
"2022-04","Costa Rica",4
"2022-04","Croatia",23
"2022-04","Cuba",11
"2022-04","Cyprus",16
"2022-04","Czechia",21
"2022-04","Denmark",22
"2022-04","Dominican Republic",1
"2022-04","Ecuador",7
"2022-04","Egypt",3
"2022-04","El Salvador",7
"2022-04","Estonia",22
"2022-04","Eswatini",3
"2022-04","Ethiopia",5
"2022-04","Fiji",1
"2022-04","Finland",7
"2022-04","France",23
"2022-04","Georgia",20
"2022-04","Germany",21
"2022-04","Greece",23
"2022-04","Grenada",2
"2022-04","Guatemala",23
"2022-04","Guinea",1
"2022-04","Guinea-Bissau",1
"2022-04","Guyana",2
"2022-04","Honduras",5
"2022-04","Hungary",13
"2022-04","Iceland",5
"2022-04","India",23
"2022-04","Indonesia",19
"2022-04","Iran",23
"2022-04","Iraq",18
"2022-04","Ireland",14
"2022-04","Israel",13
"2022-04","Italy",23
"2022-04","Ivory Coast",2
"2022-04","Jamaica",19
"2022-04","Japan",23
"2022-04","Jordan",3
"2022-04","Kazakhstan",2
"2022-04","Kenya",1
"2022-04","Kuwait",1
"2022-04","Kyrgyzstan",3
"2022-04","Latvia",22
"2022-04","Lebanon",22
"2022-04","Libya",3
"2022-04","Lithuania",23
"2022-04","Luxembourg",12
"2022-04","Madagascar",3
"2022-04","Malawi",6
"2022-04","Malaysia",23
"2022-04","Mali",4
"2022-04","Malta",19
"2022-04","Mauritius",2
"2022-04","Mexico",21
"2022-04","Moldova",20
"2022-04","Montenegro",8
"2022-04","Morocco",5
"2022-04","Mozambique",1
"2022-04","Myanmar (Burma)",4
"2022-04","Namibia",4
"2022-04","Netherlands",17
"2022-04","New Zealand",21
"2022-04","Niger",1
"2022-04","Nigeria",1
"2022-04","North Macedonia",17
"2022-04","Norway",3
"2022-04","Oman",6
"2022-04","Pakistan",7
"2022-04","Palestinian Territories",2
"2022-04","Panama",8
"2022-04","Papua New Guinea",2
"2022-04","Paraguay",4
"2022-04","Peru",20
"2022-04","Philippines",23
"2022-04","Poland",17
"2022-04","Portugal",15
"2022-04","Romania",23
"2022-04","Russia",23
"2022-04","San Marino",1
"2022-04","Saudi Arabia",18
"2022-04","Senegal",2
"2022-04","Serbia",23
"2022-04","Seychelles",1
"2022-04","Singapore",21
"2022-04","Slovakia",21
"2022-04","Slovenia",23
"2022-04","South Africa",19
"2022-04","South Korea",23
"2022-04","Spain",4
"2022-04","Sri Lanka",15
"2022-04","St. Lucia",2
"2022-04","Sudan",3
"2022-04","Sweden",3
"2022-04","Switzerland",16
"2022-04","Taiwan",2
"2022-04","Thailand",20
"2022-04","Togo",1
"2022-04","Trinidad & Tobago",20
"2022-04","Tunisia",3
"2022-04","Turkey",23
"2022-04","Uganda",1
"2022-04","United Kingdom",15
"2022-04","United States",23
"2022-04","Uruguay",15
"2022-04","Venezuela",19
"2022-04","Vietnam",23
"2022-04","Zambia",6
"2022-04","Zimbabwe",12
